question,location,intent,
how are you?,"I'm doing well, thank you. How about yourself?",greeting,
hi,"Hello there, I'm an AI designed to assist you.",greeting,
hello there,"Hi, I'm an AI designed to assist you.",greeting,
hola,Hola mi amigo,greeting,
hey,"Hello, I'm an AI designed to assist you.",greeting,
hey there,"Hey, I'm an AI financial bot to help you.",greeting,
How many company are you working with?,We are working on the data of 49 companies currently.,general,
"Can you please give me the name of the companies?, can you give me the list of the company?, Which company's you have in your dataset?","The companies are: Apple, Microsoft, Alphabet, Paypal,  American International Group,  PCG, Sears Holdings Corp, McDonald's, BCS, Nvidia, Intel, Amazon,  Toyota Motor, Volkswagen, Ford Motor, General Motors, Honda Motor, Meta, Pepsico, Cocacola, Starbucks, Domino's Pizza, Charter Communications, Rogers Communication, Comcast, Verizon Communications, AT&T, TD, RBC, Nova Scotia, CIBC, BMO, JP Morgon, Costco, Ebay, Walmart, Alibaba, Home Depot, Dell, Sony, LG, HP, Lenovo, Enbridge Inc., Imperial Oil, Canada National Railways, TC Energy, Verizon Communications. ",general,
What is Market Capitalization?,"Market capitalization, or ""market cap,"" represents the total dollar market value of a company's outstanding shares of stock. Investors use this figure to determine a company's size instead of sales or total asset value. In an acquisition, the market cap helps determine whether a takeover candidate represents a good value for the acquirer.",general,
What Is Revenue?,"Revenue is the money generated from normal business operations, calculated as the average sales price times the number of units sold. It is the top line (or gross income) figure from which costs are subtracted to determine net income. Revenue is also known as sales on the income statement.",general,
What Is Gross Profit?,Gross profit is the profit a company makes after deducting the costs associated with producing and selling its products or the costs associated with its services. Gross profit may also be referred to as sales profit or gross income. Gross profit appears on a company's income statement and is calculated by subtracting the cost of goods sold (COGS) from revenue or sales. Gross profit should not be confused with operating profit. Operating profit is calculated by subtracting operating expenses from gross profit.,general,
What Is Net Income?,"Net income (NI), also called net earnings, is calculated as sales minus cost of goods sold, selling, general and administrative expenses, operating expenses, depreciation, interest, taxes, and other expenses. It is a useful number for investors to assess how much revenue exceeds the expenses of an organization. This number appears on a company's income statement and is also an indicator of a company's profitability. Net income also refers to an individual's income after taking taxes and deductions into account.",general,
What Is Earnings Per Share?,"Earnings per share (EPS) is a company's net income subtracted by preferred dividends and then divided by the average number of common shares outstanding. The resulting number serves as an indicator of a company's profitability. It is common for a company to report EPS that is adjusted for extraordinary items and potential share dilution. The higher a company's EPS, the more profitable it is considered to be.",general,
What is EBITDA?,"EBITDA stands for Earnings Before Interest, Taxes, Depreciation, and Amortization and is a metric used to evaluate a company’s operating performance. It can be seen as a loose proxy for cash flow from the entire company’s operations.",general,
What Is Share Holder Equity?,"Shareholder equity (SE) is a company's net worth and it is equal to the total dollar amount that would be returned to the shareholders if the company must be liquidated and all its debts are paid off. Thus, shareholder equity is equal to a company's total assets minus its total liabilities. SE is a number that stock investors and analysts look at when they're evaluating a company's overall financial health. It helps them to judge the quality of the company's financial ratios, providing them with the tools to make better investment decisions. Retained earnings are part of shareholder equity as is any capital invested in the company.",general,
"What Is CFO?, What is called CFO (Cash flow from operating activities)?","Cash flow from operating activities (CFO) indicates the amount of money a company brings in from its ongoing, regular business activities, such as manufacturing and selling goods or providing a service to customers. It is the first section depicted on a company's cash flow statement.Cash flow from operating activities does not include long-term capital expenditures or investment revenue and expense. CFO focuses only on the core business, and is also known as operating cash flow (OCF) or net cash from operating activities.",general,
"What Is CFI?, What is called  CFI (Cash flow from inversting activies)?","Cash flow from investing activities (CFI) is one of the sections on the cash flow statement that reports how much cash has been generated or spent from various investment-related activities in a specific period. Investing activities include purchases of physical assets, investments in securities, or the sale of securities or assets. Negative cash flow is often indicative of a company's poor performance. However, negative cash flow from investing activities might be due to significant amounts of cash being invested in the long-term health of the company, such as research and development.",general,
"What is CFF?, What is called CFF (Cash Flow deom finanacing activities)?","Cash flow from financing activities (CFF) is a section of a company’s cash flow statement, which shows the net flows of cash that are used to fund the company. Financing activities include transactions involving debt, equity, and dividends. Cash flow from financing activities provides investors with insight into a company’s financial strength and how well a company's capital structure is managed.",general,
What Is the Current Ratio?,"The current ratio is a liquidity ratio that measures a company’s ability to pay short-term obligations or those due within one year. It tells investors and analysts how a company can maximize the current assets on its balance sheet to satisfy its current debt and other payables. A current ratio that is in line with the industry average or slightly higher is generally considered acceptable. A current ratio that is lower than the industry average may indicate a higher risk of distress or default. Similarly, if a company has a very high current ratio compared with its peer group, it indicates that management may not be using its assets efficiently. The current ratio is called current because, unlike some other liquidity ratios, it incorporates all current assets and current liabilities. The current ratio is sometimes called the working capital ratio.",general,
What Is the DE Ratio?,The debt-to-equity (D/E) ratio is used to evaluate a company’s financial leverage and is calculated by dividing a company’s total liabilities by its shareholder equity. The D/E ratio is an important metric in corporate finance. It is a measure of the degree to which a company is financing its operations with debt rather than its own resources. The debt-to-equity ratio is a particular type of gearing ratio.,general,
What is ROE?,"Return on equity (ROE) is a measure of financial performance calculated by dividing net income by shareholders' equity. Because shareholders' equity is equal to a company’s assets minus its debt, ROE is considered the return on net assets. ROE is considered a gauge of a corporation's profitability and how efficient it is in generating profits. The higher the ROE, the more efficient a company's management is at generating income and growth from its equity financing.
",general,
What is ROA?,"The term return on assets (ROA) refers to a financial ratio that indicates how profitable a company is in relation to its total assets. Corporate management, analysts, and investors can use ROA to determine how efficiently a company uses its assets to generate a profit. The metric is commonly expressed as a percentage by using a company's net income and its average assets. A higher ROA means a company is more efficient and productive at managing its balance sheet to generate profits while a lower ROA indicates there is room for improvement.",general,
What is ROI?,"Return on investment (ROI) is a performance measure used to evaluate the efficiency or profitability of an investment or compare the efficiency of a number of different investments. ROI tries to directly measure the amount of return on a particular investment, relative to the investment’s cost. To calculate ROI, the benefit (or return) of an investment is divided by the cost of the investment. The result is expressed as a percentage or a ratio.",general,
What Is Net Profit Margin?,"The net profit margin, or simply net margin, measures how much net income or profit is generated as a percentage of revenue. It is the ratio of net profits to revenues for a company or business segment.Net profit margin is typically expressed as a percentage but can also be represented in decimal form. The net profit margin illustrates how much of each dollar in revenue collected by a company translates into profit.",general,
What Is FCF?,"Free cash flow per share (FCF) is a measure of a company's financial flexibility that is determined by dividing free cash flow by the total number of shares outstanding. This measure serves as a proxy for measuring changes in earnings per share. Ideally, a business will generate more cash flow than is required for operational expenses and capital expenditures. When they do, the free cash flow per share metric below will increase, as the numerator grows holding shares outstanding constant. Increasing free cash flow to outstanding shares value is a positive, as a company is regarded as improving prospects and more financial & operational flexibility.",general,
What is RoTE?,"Return on tangible equity (RoTE) is a metric used to assess a company’s performance. It is most frequently used by analysts when analyzing financial institutions, such as banks and insurance companies. RoTE helps us understand the earnings generated for equity investors relative to the amount of equity capital, net of intangible assets. Therefore, it can be used to assess how efficiently management is allocating shareholders’ funds across the business or help predict the future profits that the company will generate.",general,
What are stocks?,"Stocks represent ownership in a company. When you buy stocks, you're buying a portion of the company.",general,
what is bond?,"A bond is a debt security issued by a government or corporation to raise capital. Investors who buy bonds are essentially lending money to the issuer in exchange for regular interest payments, known as coupon payments, and the return of the bond's face value at maturity. Bonds typically have fixed interest rates and maturity dates, providing investors with a predictable stream of income and return of principal.",general,
What is the difference between stocks and bonds?,"Stocks represent ownership in a company, while bonds represent debt issued by a company or government.",general,
what is diversification in investing?,"Diversification in investing is the strategy of spreading investments across different assets or asset classes to reduce risk. By investing in a variety of assets that are not perfectly correlated, investors can potentially minimize the impact of poor performance in any single investment or asset class on the overall portfolio. Diversification can be achieved by investing in stocks, bonds, real estate, commodities, and other asset classes, as well as by diversifying within each asset class by industry, geography, and other factors.",general,
What is the purpose of diversification in investing?,"Diversification helps spread risk by investing in a variety of assets, reducing the impact of any single investment's performance on the overall portfolio.",general,
what is a bull market?,"A bull market is a financial market characterized by rising prices and investor optimism. In a bull market, asset prices, such as stocks, bonds, or commodities, trend upward over an extended period, typically driven by strong economic fundamentals, positive investor sentiment, and increasing demand for assets. Bull markets are often associated with economic expansion, low unemployment, and robust corporate profits, leading investors to be optimistic about future returns.",general,
what is bear market?,"A bear market is a financial market characterized by falling prices and investor pessimism. In a bear market, asset prices, such as stocks, bonds, or commodities, trend downward over an extended period, typically driven by economic downturns, negative investor sentiment, and declining demand for assets. Bear markets are often associated with economic recession, high unemployment, and decreasing corporate profits, leading investors to be cautious and uncertain about future returns.",general,
What is the difference between a bull market and a bear market?,"A bull market is characterized by rising prices and investor optimism, while a bear market is characterized by falling prices and investor pessimism.",general,
What is the concept of compounding in finance?,Compounding refers to the process of earning returns on both the initial investment and the accumulated earnings over time.,general,
What is the role of a central bank in a country's economy?,"The central bank manages monetary policy, regulates banks, and controls the money supply to achieve economic stability and growth.",general,
what is monetary policy?,"Monetary policy refers to the actions taken by a country's central bank to control the money supply and achieve macroeconomic objectives such as price stability, full employment, and economic growth. Central banks use various monetary policy tools, including open market operations, reserve requirements, and interest rate adjustments, to influence interest rates, inflation, and economic activity. The ultimate goal of monetary policy is to promote a stable and sustainable economic environment.",general,
what is fiscal policy?,"Fiscal policy refers to the use of government spending and taxation to influence economic activity and achieve macroeconomic objectives such as economic growth, employment, and price stability. Governments use fiscal policy tools, such as changes in tax rates, government spending on infrastructure projects, and welfare programs, to stimulate or slow down economic growth, depending on the prevailing economic conditions. Fiscal policy is designed to complement monetary policy and ensure overall economic stability and prosperity.",general,
What is the difference between monetary policy and fiscal policy?,"Monetary policy involves actions taken by the central bank to control the money supply and interest rates, while fiscal policy involves government spending and taxation to influence economic activity.",general,
What is the purpose of financial statements?,"Financial statements provide information about a company's financial performance and position, including its income, expenses, assets, and liabilities.",general,
What is the significance of the time value of money?,The time value of money recognizes that a dollar today is worth more than a dollar in the future due to its potential earning capacity and inflation.,general,
What are the main types of financial ratios used for analysis?,"Financial ratios include liquidity ratios, profitability ratios, solvency ratios, and efficiency ratios, which help assess different aspects of a company's financial health.",general,
What is the difference between gross profit and net profit?,"Gross profit is revenue minus the cost of goods sold, while net profit is gross profit minus operating expenses, taxes, and other costs.",general,
What are the key components of a balance sheet?,"The key components of a balance sheet are assets, liabilities, and shareholders' equity, which represent what the company owns, owes, and the owners' investment in the company, respectively.",general,
What is the difference between a mutual fund and an exchange-traded fund (ETF)?,"Mutual funds are actively managed pools of funds, while ETFs are passively managed and trade on stock exchanges like individual stocks.",general,
What is the significance of the Efficient Market Hypothesis (EMH)?,"The EMH suggests that asset prices reflect all available information, making it difficult for investors to consistently outperform the market.",general,
What is the role of credit rating agencies in the financial markets?,"Credit rating agencies assess the creditworthiness of companies and governments by assigning credit ratings, which help investors evaluate the risk of investing in their debt securities.",general,
What is the difference between a traditional IRA and a Roth IRA?,"Contributions to a traditional IRA may be tax-deductible, but withdrawals are taxed as ordinary income, while contributions to a Roth IRA are made with after-tax dollars, but withdrawals are tax-free in retirement.",general,
What is the purpose of financial planning?,"Financial planning helps individuals and organizations set financial goals, create a budget, manage debt, save for the future, and achieve financial security.",general,
What is the role of a financial advisor?,"A financial advisor provides personalized advice and guidance on investment strategies, retirement planning, insurance, taxes, and other financial matters.",general,
What is the difference between a fixed-rate and a variable-rate loan?,"A fixed-rate loan has a constant interest rate and monthly payment throughout the loan term, while a variable-rate loan has an interest rate that may change periodically based on market conditions.",general,
What are the main factors that affect interest rates?,"Interest rates are influenced by factors such as inflation, central bank policy, economic growth, supply and demand for credit, and investor sentiment.",general,
What is the role of insurance in personal finance?,"Insurance provides protection against financial losses due to unexpected events such as accidents, illness, death, property damage, or liability claims.",general,
What is the difference between simple interest and compound interest?,"Simple interest is calculated only on the principal amount, while compound interest is calculated on both the principal and any accumulated interest.",general,
What is the significance of the risk-return tradeoff in investing?,"The risk-return tradeoff suggests that higher potential returns are typically associated with higher levels of risk, and investors must weigh the potential rewards against the potential losses when making investment decisions.",general,
What is the purpose of a budget?,"A budget helps individuals and organizations plan and track income and expenses, prioritize spending, and achieve financial goals.",general,
What are the main types of financial markets?,"Financial markets include stock markets, bond markets, money markets, and derivatives markets, where securities, commodities, currencies, and other financial instruments are bought and sold.",general,
What is the difference between a stock split and a stock dividend?,"A stock split increases the number of outstanding shares and reduces the price per share proportionally, while a stock dividend distributes additional shares to existing shareholders without affecting the price per share.",general,
What is the role of the Federal Reserve in the U.S. banking system?,"The Federal Reserve acts as the central bank of the United States, overseeing monetary policy, regulating banks, and providing financial services to banks and the government.",general,
What is the significance of the debt-to-equity ratio?,The debt-to-equity ratio measures a company's financial leverage and indicates the proportion of debt financing relative to equity financing in its capital structure.,general,
What are the main types of investment risk?,"Investment risks include market risk, interest rate risk, credit risk, inflation risk, liquidity risk, and geopolitical risk, among others.",general,
What is the difference between a traditional 401(k) and a Roth 401(k)?,"Contributions to a traditional 401(k) are made with pre-tax dollars and are taxed upon withdrawal, while contributions to a Roth 401(k) are made with after-tax dollars and withdrawals are tax-free in retirement.",general,
What is the role of a financial statement audit?,"A financial statement audit provides assurance on the accuracy and reliability of a company's financial statements, helping investors and stakeholders make informed decisions.",general,
What is the significance of the price-to-earnings (P/E) ratio?,"The P/E ratio compares a company's stock price to its earnings per share, providing insight into its valuation relative to its earnings potential.",general,
What is the difference between systematic and unsystematic risk?,"Systematic risk, also known as market risk, affects the entire market and cannot be diversified away, while unsystematic risk, also known as specific risk, is unique to a particular company or industry and can be reduced through diversification.",general,
What is the role of financial leverage in investing?,Financial leverage involves using borrowed funds to increase the potential return on investment.,general,
What is the significance of the Sharpe ratio in investment analysis?,"The Sharpe ratio measures the risk-adjusted return of an investment, helping investors evaluate the return per unit of risk taken.",general,
What are the main factors that affect bond prices?,"Bond prices are influenced by interest rates, credit quality, maturity, and market demand.",general,
What is the role of a financial planner?,"A financial planner helps individuals and families create comprehensive financial plans, including budgeting, retirement planning, tax strategies, and investment management.",general,
What is the difference between traditional and Roth versions of IRA?,"Traditional IRAs offer tax-deferred growth, with contributions potentially tax-deductible, while Roth IRAs offer tax-free growth, with contributions made with after-tax dollars.",general,
What is the significance of the debt-to-income ratio in personal finance?,"The debt-to-income ratio measures the percentage of a person's income that goes toward paying debts, helping lenders assess the borrower's ability to manage additional debt.",general,
What is the role of a credit score in personal finance?,"A credit score is a numerical representation of a person's creditworthiness, used by lenders to evaluate the risk of extending credit to the individual.",general,
What is the difference between secured and unsecured loans?,"Secured loans are backed by collateral, such as a house or car, while unsecured loans are not backed by collateral and are based on the borrower's creditworthiness.",general,
What are the main types of financial institutions?,"Financial institutions include banks, credit unions, investment banks, insurance companies, and brokerage firms, which provide various financial services to consumers and businesses.",general,
What is the role of inflation in the economy?,"Inflation represents the rate at which the general level of prices for goods and services rises, eroding purchasing power and affecting interest rates, investments, and economic growth.",general,
What is the difference between a traditional and a Roth 403(b) retirement account?,"Traditional 403(b) contributions are made with pre-tax dollars, while Roth 403(b) contributions are made with after-tax dollars, and withdrawals are tax-free in retirement.",general,
What is the significance of the debt-to-asset ratio in financial analysis?,"The debt-to-asset ratio measures the proportion of a company's assets financed with debt, indicating its financial leverage and risk exposure.",general,
What is the role of a financial analyst in the investment industry?,"Financial analysts evaluate investment opportunities, conduct financial research, analyze data, and provide recommendations to investors and fund managers.",general,
What is the difference between an annuity and a life insurance policy?,"An annuity provides periodic payments to the annuitant over a specified period, while a life insurance policy pays out a death benefit to beneficiaries upon the insured's death.",general,
What is the purpose of the FDIC?,"The FDIC insures bank deposits up to a certain limit, providing depositors with protection and confidence in the banking system.",general,
What is the role of a hedge fund manager?,"A hedge fund manager oversees a hedge fund, making investment decisions, managing risk, and seeking to generate positive returns for investors.",general,
What is the difference between a forward contract and a futures contract?,"A forward contract is a customized agreement between two parties to buy or sell an asset at a future date, while a futures contract is a standardized agreement traded on an exchange with specified terms and conditions.",general,
What is the significance of the price-to-book (P/B) ratio in stock valuation?,"The P/B ratio compares a company's stock price to its book value per share, providing insight into its valuation relative to its net assets.",general,
how to calculate revenue?,"The formula for calculating is, Revenue=Price per Unit×Number of Units Sold",general,
how to calculate Market Cap?,"The formula for calculating is, Market Cap=Current Market Price per Share×Total Number of Outstanding Shares",general,
how to calculate Gross Profit?,"The formula for calculating is, Gross Profit=Revenue−Cost of Goods Sold (COGS)",general,
how to calculate Net Income?,"The formula for calculating is, Net Income=Total Revenue−Total Expenses",general,
how to calculate Earning Per Share?,"The formula for calculating is, EPS= Net Income/Total Number of Outstanding Shares",general,
how to calculate EBITDA?,"The formula for calculating is, EBITDA=Net Income+Interest+Taxes+Depreciation+Amortization",general,
how to calculate Share Holder Equity?,"The formula for calculating is, Shareholder Equity=Total Assets−Total Liabilities",general,
how to calculate Cash Flow from Operating?,"The formula for calculating is, Cash Flow from Operating=Net Income+Non-Cash Expenses+Changes in Working Capital",general,
how to calculate Cash Flow from Investing?,"The formula for calculating is, Cash Flow from Investing=Total Cash Inflows−Total Cash Outflows",general,
how to calculate Cash Flow from Financial Activities?,"The formula for calculating is, Cash Flow from Financial Activities=Total Cash Inflows−Total Cash Outflows",general,
how to calculate Current Ratio?,"The formula for calculating is, Current Ratio= Current Assets / Current Liabilities",general,
how to calculate DE Ratio?,"The formula for calculating is, Debt-to-Equity Ratio (D/E)= Total Debt/Total Equity",general,
how to calculate ROE?,"The formula for calculating is, ROE= Net Income / Shareholders’ Equity",general,
how to calculate ROA?,"The formula for calculating is, ROA= Net Income / Total Assets",general,
how to calculate ROI?,"The formula for calculating is, ROI=( Net Profit / Initial Investment)×100%",general,
how to calculate Net Profit Margin?,"The formula for calculating is, Net Profit Margin=( Net Income / Total Revenue)×100%",general,
how to calculate Free Cash Flow per Share?,"The formula for calculating is, FCF per Share=  Free Cash Flow / Number of Shares Outstanding",general,
how to calculate Return on Tangible Equity?,"The formula for calculating is, ROTE= Net Income / Tangible Equity",general,
How are stocks traded?,"Stocks are traded on stock exchanges, where buyers and sellers come together to exchange shares. These exchanges include the New York Stock Exchange (NYSE) and the Nasdaq.",general,
What is the difference between common stock and preferred stock?,Common stock represents ownership in a company and typically comes with voting rights. Preferred stock usually doesn't have voting rights but has a higher claim on assets and dividends.,general,
What factors can affect the price of a stock?,"Factors such as company earnings, economic conditions, industry trends, investor sentiment, and geopolitical events can influence stock prices.",general,
What is a stock market index?,"A stock market index tracks the performance of a specific group of stocks, representing a portion of the overall market. Examples include the S&P 500, Dow Jones Industrial Average, and Nasdaq Composite.",general,
What is a dividend?,"A dividend is a portion of a company's earnings that is distributed to shareholders. It's usually paid on a regular basis, such as quarterly.",general,
How is a stock's dividend yield calculated?,Dividend yield is calculated by dividing the annual dividend per share by the stock's current price and multiplying by 100 to express it as a percentage.,general,
What is a stock split?,"A stock split is when a company divides its existing shares into multiple shares. For example, in a 2-for-1 stock split, shareholders receive two shares for every one share they own.",general,
What is a reverse stock split?,"A reverse stock split is when a company reduces the number of its outstanding shares, typically to increase the stock price.",general,
What is a blue-chip stock?,"Blue-chip stocks are shares of large, well-established companies with a history of stable earnings and dividends. They're considered less risky than smaller companies' stocks.",general,
What is a growth stock?,Growth stocks are shares of companies that are expected to grow at an above-average rate compared to other companies in the market.,general,
What is a value stock?,Value stocks are shares of companies that are considered undervalued relative to their intrinsic worth. They often have lower price-to-earnings ratios and may pay dividends.,general,
What is a dividend-paying stock?,A dividend-paying stock is a stock that pays dividends to its shareholders. These dividends are typically paid out of the company's earnings.,general,
What is a blue-sky stock?,Blue-sky stocks are speculative stocks with little or no earnings history and high volatility. They're often associated with emerging industries or new technologies.,general,
What is insider trading?,"Insider trading occurs when someone with non-public, material information about a company's stock trades based on that information. It's illegal and can result in severe penalties.",general,
What is the difference between a limit order and a market order?,A limit order specifies the maximum price a buyer is willing to pay or the minimum price a seller is willing to accept. A market order buys or sells a stock at the current market price.,general,
What is short selling?,"Short selling is a trading strategy where an investor borrows shares of a stock and sells them on the market, hoping to buy them back later at a lower price.",general,
What is a stockbroker?,A stockbroker is a licensed professional who buys and sells securities on behalf of clients in exchange for a commission or fee.,general,
What is a stock exchange?,A stock exchange is a marketplace where stocks and other securities are bought and sold. Examples include the New York Stock Exchange (NYSE) and the Nasdaq.,general,
What is a blue-chip index?,"A blue-chip index is a stock market index that tracks the performance of large, well-established companies with a history of stable earnings and dividends.",general,
What is a stock option?,"A stock option is a contract that gives the holder the right, but not the obligation, to buy or sell a specific amount of a stock at a predetermined price within a specified time frame.",general,
What is a stock warrant?,A stock warrant is a financial instrument that gives the holder the right to purchase a company's stock at a specific price within a certain time period.,general,
What is a stock dividend?,"A stock dividend is a dividend paid to shareholders in the form of additional shares of stock, rather than cash. It increases the number of shares outstanding but does not affect the company's total equity or market capitalization.",general,
What is a stock buyback?,"A stock buyback, also known as a share repurchase, is when a company repurchases its own outstanding shares from the open market. It reduces the number of shares outstanding and can boost earnings per share and shareholder value.",general,
What is a stock's beta coefficient?,"A stock's beta coefficient measures its volatility relative to the overall market. A beta of 1 indicates that the stock's price moves in line with the market, while a beta greater than 1 suggests higher volatility, and a beta less than 1 suggests lower volatility.",general,
What is a stock's 52-week high and low?,"A stock's 52-week high and low represent the highest and lowest prices at which the stock has traded over the past year, respectively. These metrics provide insights into the stock's recent trading range and price volatility.",general,
What is a stock's dividend payout ratio?,A stock's dividend payout ratio measures the percentage of a company's earnings paid out as dividends to shareholders. It is calculated by dividing the dividends per share by the earnings per share and multiplying by 100 to express it as a percentage. The payout ratio helps investors assess the sustainability of dividend payments and the company's ability to generate profits.,general,
how are you?,"I'm doing well, thank you. How about yourself?",greeting,
how's your day going?,"it's going pretty good, thanks for asking. How about you?",greeting,
How's your day going?,I'm just here to assist you. How can I help you today?,greeting,
how are things on your end?,I'm here and ready to assist you with any questions or tasks you have.,greeting,
Good to see you! What's up?,I'm here to help. What can I assist you with today?,greeting,
how have you been?,I'm an AI designed to assist you. What do you need help with today?,greeting,
What's new with you?,I'm just here to help you. What can I assist you with today?,greeting,
How's life treating you?,I'm an AI designed to assist you. What can I help you with today?,greeting,
How's life treating you lately?,I'm here and ready to assist you with any questions or tasks you have.,greeting,
what's the latest?,I'm here to assist you. What do you need help with today?,greeting,
Good to see you! How have you been?,I'm here and ready to assist you. How can I help you today?,greeting,
How's everything going?,I'm here to help you with any questions you have. How can I assist you?,greeting,
Bye,"Goodbye! If you have any more questions in the future, feel free to ask.",greeting,
Exit,"Goodbye! If you have any more questions in the future, feel free to ask.",greeting,
Goodbye,"Goodbye! If you have any more questions in the future, feel free to ask.",greeting,
See you later,"See you later! Remember, I'm here to help whenever you need.",greeting,
Take care,"Take care! If you need assistance again, don't hesitate to reach out.",greeting,
Farewell,Farewell! Don't hesitate to return if you need further assistance.,greeting,
Until next time,Until next time! Feel free to come back if you have more questions.,greeting,
Bye for now,"Goodbye for now! If you have more questions later, feel free to ask.",greeting,
Bye-bye,"Goodbye! If you have any more questions in the future, feel free to ask.",greeting,
Goodbye and take care,"Goodbye and take care! If you have more questions later, feel free to ask.",greeting,
Why is Free Cash Flow per Share important for investors?,Free Cash Flow per Share is a measure of how much cash a company generates after accounting for capital expenditures. It is an important metric for investors as it shows how much cash is available to shareholders after the company has reinvested in its business.,general,
How do Cash Flow from Investing Activities and Cash Flow from Financing Activities differ?,"Cash Flow from Investing Activities shows the cash generated or used by a company's investments in assets, such as property, plant, and equipment. Cash Flow from Financing Activities, on the other hand, shows the cash generated or used by a company's financing activities, such as issuing or repurchasing stock and paying dividends.",general,
What is the importance of Cash Flow from Operating Activities?,Cash Flow from Operating Activities shows the amount of cash generated or used by a company's core business operations. It indicates the company's ability to generate cash from its day-to-day operations.,general,
What does Net Profit Margin indicate?,Net Profit Margin is a profitability ratio that measures how much profit a company makes for every dollar of revenue generated. It is calculated by dividing net income by total revenue.,general,
How does Return on Equity (ROE) reflect a company's performance?,ROE measures a company's profitability by dividing its net income by shareholders' equity. It shows how effectively the company is using shareholders' equity to generate profits.,general,
What is the significance of Earning Per Share (EPS)?,EPS is a key indicator of a company's profitability and is calculated by dividing the net income by the total number of outstanding shares. It shows how much profit a company generates for each outstanding share of its stock.,general,
What does Earning Per Share (EPS) reveal about a company's performance?,EPS indicates the profitability of a company on a per-share basis. It helps investors understand how much profit they might earn for each share they own.,general,
How is Return on Equity (ROE) calculated and what does it signify?,ROE is calculated by dividing net income by shareholders' equity. It measures how effectively a company is using its equity to generate profits.,general,
What factors can impact a company's Net Profit Margin?,"Net Profit Margin can be influenced by various factors, including the company's pricing strategy, cost of goods sold, operating expenses, and overall efficiency in managing costs.",general,
How does Cash Flow from Operating Activities differ from Cash Flow from Investing Activities?,"Cash Flow from Operating Activities represents the cash generated or used in a company's core business operations, while Cash Flow from Investing Activities reflects cash flows related to the buying and selling of long-term assets.",general,
What does a positive Free Cash Flow per Share indicate?,A positive Free Cash Flow per Share suggests that a company is generating more cash than it is using for capital expenditures. This can indicate financial health and the potential for future growth or shareholder returns.,general,
How can Cash Flow from Financing Activities impact a company's financial position?,"Cash Flow from Financing Activities includes cash flows related to raising or repaying capital. Positive cash flow from financing activities can indicate that a company is able to raise capital easily, while negative cash flow may indicate debt repayment or shareholder distributions.",general,
"What is the revenue of the Apple in 2010?, Can you please provide the total revenue generated by Apple in the year 2010?, How much Revenue did Apple generate in 2010?, How much revenue did Apple generate in 2010? What was Apple's total revenue in 2010? Could you please provide the total revenue generated by Apple Inc. in the year 2010?How much revenue did Apple generate in the fiscal year 2010?What was Apple's revenue for the year 2010?,Inquire about Apple's revenue in 2010.?",fun_detail,Revenue,
"What is the gross profit of Apple In 2022?, What is the gross profit figure for Apple Inc. in the year 2022?,What is the gross profit of Apple Inc. in 2022?,What was the gross profit figure for Apple Inc. in the year 2022?, How much gross profit did Apple generate in 2022?, What was Apple's gross profit in the fiscal year 2022? GIve me the  Apple's gross profit in 2022.?",fun_detail,Gross Profit,
"What was the Market Cap for Apple in 2010?,  What was Apple's market capitalization in 2010?, Could you please tell me the market capitalization of Apple Inc.  for the year 2010?, What was the market capitalization of Apple in 2010?, What was Apple's market capitalization in 2010?, Could you please tell me the market capitalization of Apple Inc.  for the year 2010?, What was the market cap for Apple in the year 2010? Give me the the market capitalization of Apple in 2010?",fun_detail,Market Cap,
" What was the net income of Apple in 2011? What was Apple's net income in 2011?, What was the net income reported by Apple Inc. in the year 2011? How much net income did Apple generate in 2011?",fun_detail,Net Income,
"What was the Earnings Per Share for Apple in 2020?, What was the earnings per share for Apple in 2020?, How does the earnings per share of Apple in 2020?, What was Apple's EPS in 2020?, Could you please provide the EPS for Apple Inc. in the fiscal year 2020?",fun_detail,Earning Per Share,
" How does Apple Inc.'s current ratio in the year 2015?,  How does the current ratio of Apple  in 2015?, What was Apple's current ratio  in 2015?, How did Apple's current ratio in 2015 ?",fun_detail,Current Ratio,
"What is the Debt or Equity Ratio for Apple in 2016?, What is Apple's debt-to-equity ratio in 2016?, How does Apple's debt-to-equity ratio in 2016?",fun_detail,Debt Or Equity Ratio,
"What is the Net Profit Margin of Apple in 2019?, What is Apple's net profit margin in 2019?, What is the net profit margin of Apple Inc. for the year 2019?, What was Apple's net profit margin in 2019?, Could you please provide the net profit margin of Apple Inc. for the year 2019?",fun_detail,Net Profit Margin,
"What is the inflation rate in the US of Apple for 2010?, What is the inflation rate in the 2010 according to Apple?",fun_detail,Inflation Rate(in US),
"What was Apple's EBITDA in 2015?, What was Apple's Earnings Before Interest, Taxes, Depreciation, and Amortization in 2015?, What was Apple's earnings before interest, taxes, depreciation, and amortization in 2015?, What was the EBITDA (Earnings Before Interest, Taxes, Depreciation, and Amortization) for Apple Inc. in the year 2015?What was the Earnings Before Interest, Taxes, Depreciation, and Amortization (EBITDA) figure for Apple Inc. in the year 2015?",fun_detail,EBITDA,
"What is the Cash Flow from Operating activities for Apple in 2015?,What is the Cash Flow from Operating activities for Apple Inc. in the year 2015?, What is the cash flow from operating activities for Apple in 2015?",fun_detail,Cash Flow from Operating,
"What is the Cash Flow from Investing activities for Apple in 2015?, What is the cash flow from investing activities for Apple in 2015?, What is the Cash Flow from Investing activities for Apple Inc. in the year 2015?What is the Cash Flow from Investing activities for Apple Inc. in the year 2015?",fun_detail,Cash Flow from Investing,
"What is the Cash Flow from Financial Activities for Apple in 2015?, What is the cash flow from investing activities for Apple in 2015?,What is the Cash Flow from Financial Activities for Apple Inc. in the year 2015?",fun_detail,Cash Flow from Financial Activities,
"What is the Return on Equity (ROE) for Apple in 2015?,What is the return on equity for Apple in 2015?, What is the Return on Equity (ROE) for Apple Inc. in the year 2015?, How does Apple's return on equity compare to its industry average in 2015?",fun_detail,ROE,
"What is the Return on Assets (ROA) for Apple in 2015?, What is the return on assets for Apple in 2015?,What is the Return on Assets (ROA) for Apple Inc. in the year 2015?",fun_detail,ROA,
"What is the Return on Investment (ROI) for Apple in 2015?, What is the return on investment for Apple in 2015?, What is the Return on Investment (ROI) for Apple Inc. in the year 2015?",fun_detail,ROI,
What is the Return on Tangible Equity for Apple in 2015?,fun_detail,Return on Tangible Equity,
"What is the Shareholder Equity of Apple in 2015?, What is the Shareholder Equity of Apple Inc. in the year 2015?",fun_detail,Share Holder Equity,
"What is the Free Cash Flow per Share for Apple in 2015?, What is the Free Cash Flow per Share for Apple Inc. in the year 2015?",fun_detail,Free Cash Flow per Share,
"What is the return on tangible equity for Apple in 2015?, What is the Return on Tangible Equity for Apple Inc. in the year 2015?",fun_detail,Return on Tangible Equity,
I would like to know the earnings per share (EPS) for Apple Inc. in the fiscal year 2020.,fun_detail,Earning Per Share,
"What is the next five years revenue of the Apple?, What is the projected revenue for Apple in the upcoming years?, Can you provide an outlook on Apple's revenue for the coming years?, How do analysts foresee Apple's revenue evolving in the years ahead?, Are there any estimates on Apple's revenue trajectory for the near future?, What is the expected revenue trend for Apple in the upcoming years?",fun_predict,Revenue,
"What is the projected gross profit for Apple in the upcoming years, can you provide an outlook on Apple's gross profit for the coming years, how do analysts foresee Apple's gross profit evolving in the years ahead, are there any estimates on Apple's gross profit trajectory for the near future, what is the expected gross profit trend for Apple in the upcoming years?",fun_predict,Gross Profit,
"What is the projected market capitalization for Apple in the upcoming years, can you provide an outlook on Apple's market capitalization for the coming years, how do analysts foresee Apple's market capitalization evolving in the years ahead, are there any estimates on Apple's market capitalization trajectory for the near future, what is the expected market capitalization trend for Apple in the upcoming years?",fun_predict,Market Cap,
"What is the projected net income for Apple in the upcoming years, can you provide an outlook on Apple's net income for the coming years, how do analysts foresee Apple's net income evolving in the years ahead, are there any estimates on Apple's net income trajectory for the near future, what is the expected net income trend for Apple in the upcoming years?",fun_predict,Net Income,
"What is the projected earnings per share for Apple in the upcoming years, can you provide an outlook on Apple's earnings per share for the coming years, how do analysts foresee Apple's earnings per share evolving in the years ahead, are there any estimates on Apple's earnings per share trajectory for the near future, what is the expected earnings per share trend for Apple in the upcoming years?",fun_predict,Earning Per Share,
"What is the projected current ratio for Apple in the upcoming years, can you provide an outlook on Apple's current ratio for the coming years, how do analysts foresee Apple's current ratio evolving in the years ahead, are there any estimates on Apple's current ratio trajectory for the near future, what is the expected current ratio trend for Apple in the upcoming years?",fun_predict,Current Ratio,
"What is the projected debt-to-equity ratio for Apple in the upcoming years, can you provide an outlook on Apple's debt-to-equity ratio for the coming years, how do analysts foresee Apple's debt-to-equity ratio evolving in the years ahead, are there any estimates on Apple's debt-to-equity ratio trajectory for the near future, what is the expected debt-to-equity ratio trend for Apple in the upcoming years?",fun_predict,Debt Or Equity Ratio,
"What is the projected net profit margin for Apple in the upcoming years, can you provide an outlook on Apple's net profit margin for the coming years, how do analysts foresee Apple's net profit margin evolving in the years ahead, are there any estimates on Apple's net profit margin trajectory for the near future, what is the expected net profit margin trend for Apple in the upcoming years?",fun_predict,Net Profit Margin,
"What is the projected inflation rate in the US for the upcoming years according to Apple, can you provide an outlook on the inflation rate in the US for the coming years according to Apple, how does Apple foresee the inflation rate in the US evolving in the years ahead, are there any estimates on the inflation rate trajectory in the US for the near future according to Apple, what is the expected inflation rate trend in the US for the upcoming years according to Apple?",fun_predict,Inflation Rate(in US),
"What is the projected EBITDA for Apple in the upcoming years, can you provide an outlook on Apple's Earnings Before Interest, Taxes, Depreciation, and Amortization for the coming years, how do analysts foresee Apple's EBITDA evolving in the years ahead, are there any estimates on Apple's EBITDA trajectory for the near future, what is the expected EBITDA trend for Apple in the upcoming years?",fun_predict,EBITDA,
"What is the projected cash flow from operating activities for Apple in the upcoming years, can you provide an outlook on Apple's cash flow from operating activities for the coming years, how do analysts foresee Apple's cash flow from operating activities evolving in the years ahead, are there any estimates on Apple's cash flow from operating activities trajectory for the near future, what is the expected cash flow from operating activities trend for Apple in the upcoming years?",fun_predict,Cash Flow from Operating,
"What is the projected cash flow from investing activities for Apple in the upcoming years, can you provide an outlook on Apple's cash flow from investing activities for the coming years, how do analysts foresee Apple's cash flow from investing activities evolving in the years ahead, are there any estimates on Apple's cash flow from investing activities trajectory for the near future, what is the expected cash flow from investing activities trend for Apple in the upcoming years?",fun_predict,Cash Flow from Investing,
"What is the projected cash flow from financial activities for Apple in the upcoming years, can you provide an outlook on Apple's cash flow from financial activities for the coming years, how do analysts foresee Apple's cash flow from financial activities evolving in the years ahead, are there any estimates on Apple's cash flow from financial activities trajectory for the near future, what is the expected cash flow from financial activities trend for Apple in the upcoming years?",fun_predict,Cash Flow from Financial Activities,
"What is the projected return on equity ( ROE ) for Apple in the upcoming years, can you provide an outlook on Apple's return on equity for the coming years, how do analysts foresee Apple's return on equity evolving in the years ahead, are there any estimates on Apple's return on equity trajectory for the near future, what is the expected return on equity trend for Apple in the upcoming years?",fun_predict,ROE,
"What is the projected return (ROA) on assets for Apple in the upcoming years, can you provide an outlook on Apple's return on assets for the coming years, how do analysts foresee Apple's return on assets evolving in the years ahead, are there any estimates on Apple's return on assets trajectory for the near future, what is the expected return on assets trend for Apple in the upcoming years?",fun_predict,ROA,
"What is the projected return on investment (ROI) for Apple in the upcoming years, can you provide an outlook on Apple's return on investment for the coming years, how do analysts foresee Apple's return on investment evolving in the years ahead, are there any estimates on Apple's return on investment trajectory for the near future, what is the expected return on investment trend for Apple in the upcoming years?",fun_predict,ROI,
"What is the projected return on tangible equity for Apple in the upcoming years, can you provide an outlook on Apple's return on tangible equity for the coming years, how do analysts foresee Apple's return on tangible equity evolving in the years ahead, are there any estimates on Apple's return on tangible equity trajectory for the near future, what is the expected return on tangible equity trend for Apple in the upcoming years?",fun_predict,Return on Tangible Equity,
"What is the projected shareholder equity for Apple in the upcoming years, can you provide an outlook on Apple's shareholder equity for the coming years, how do analysts foresee Apple's shareholder equity evolving in the years ahead, are there any estimates on Apple's shareholder equity trajectory for the near future, what is the expected shareholder equity trend for Apple in the upcoming years?",fun_predict,Share Holder Equity,
"What is the projected free cash flow per share for Apple in the upcoming years, can you provide an outlook on Apple's free cash flow per share for the coming years, how do analysts foresee Apple's free cash flow per share evolving in the years ahead, are there any estimates on Apple's free cash flow per share trajectory for the near future, what is the expected free cash flow per share trend for Apple in the upcoming years?",fun_predict,Free Cash Flow per Share,
"How does the revenue of Apple compare to Microsoft over the past few years, can you provide a comparison of the revenue trends between Apple and Microsoft in recent years, what is the revenue difference between Apple and Microsoft over the past few years, how has the revenue growth of Apple compared to Microsoft over the past few years, are there any notable differences in revenue performance between Apple and Microsoft over the past few years, can you compare the revenue figures of Apple and Microsoft over the past few years, how do the revenue trajectories of Apple and Microsoft differ over the past few years, what is the revenue gap between Apple and Microsoft over the past few years, could you provide a revenue analysis comparing Apple and Microsoft over the past few years, how has the revenue trend for Apple compared to Microsoft's trend over the past few years?",fun_comparative,Revenue,
"How does the gross profit of Apple compare to Microsoft over the past few years, can you provide a comparison of the gross profit trends between Apple and Microsoft in recent years, what is the gross profit difference between Apple and Microsoft over the past few years, how has the gross profit growth of Apple compared to Microsoft over the past few years, are there any notable differences in gross profit performance between Apple and Microsoft over the past few years, can you compare the gross profit figures of Apple and Microsoft over the past few years, how do the gross profit trajectories of Apple and Microsoft differ over the past few years, what is the gross profit gap between Apple and Microsoft over the past few years, could you provide a gross profit analysis comparing Apple and Microsoft over the past few years, how has the gross profit trend for Apple compared to Microsoft's trend over the past few years?",fun_comparative,Gross Profit,
"How does the market cap of Apple compare to Microsoft over the past few years, can you provide a comparison of the market cap trends between Apple and Microsoft in recent years, what is the market cap difference between Apple and Microsoft over the past few years, how has the market cap growth of Apple compared to Microsoft over the past few years, are there any notable differences in market cap performance between Apple and Microsoft over the past few years, can you compare the market cap figures of Apple and Microsoft over the past few years, how do the market cap trajectories of Apple and Microsoft differ over the past few years, what is the market cap gap between Apple and Microsoft over the past few years, could you provide a market cap analysis comparing Apple and Microsoft over the past few years, how has the market cap trend for Apple compared to Microsoft's trend over the past few years?",fun_comparative,Market Cap,
"What is the net income comparison between Apple and Microsoft over the past few years, can you provide a comparison of the net income trends between Apple and Microsoft in recent years, how does the net income of Apple compare to Microsoft over the past few years, how has the net income growth of Apple compared to Microsoft over the past few years, are there any notable differences in net income performance between Apple and Microsoft over the past few years, can you compare the net income figures of Apple and Microsoft over the past few years, how do the net income trajectories of Apple and Microsoft differ over the past few years, what is the net income gap between Apple and Microsoft over the past few years, could you provide a net income analysis comparing Apple and Microsoft over the past few years, how has the net income trend for Apple compared to Microsoft's trend over the past few years?",fun_comparative,Net Income,
"What is the earnings per share comparison between Apple and Microsoft over the past few years, can you provide a comparison of the earnings per share trends between Apple and Microsoft in recent years, how does the earnings per share of Apple compare to Microsoft over the past few years, how has the earnings per share growth of Apple compared to Microsoft over the past few years, are there any notable differences in earnings per share performance between Apple and Microsoft over the past few years, can you compare the earnings per share figures of Apple and Microsoft over the past few years, how do the earnings per share trajectories of Apple and Microsoft differ over the past few years, what is the earnings per share gap between Apple and Microsoft over the past few years, could you provide an earnings per share analysis comparing Apple and Microsoft over the past few years, how has the earnings per share trend for Apple compared to Microsoft's trend over the past few years?
",fun_comparative,Earning Per Share,
"How does the current ratio of Apple compare to Microsoft over the past few years, can you provide a comparison of the current ratio trends between Apple and Microsoft in recent years, what is the current ratio difference between Apple and Microsoft over the past few years, how has the current ratio of Apple compared to Microsoft over the past few years, are there any notable differences in current ratio performance between Apple and Microsoft over the past few years, can you compare the current ratio figures of Apple and Microsoft over the past few years, how do the current ratio trajectories of Apple and Microsoft differ over the past few years, what is the current ratio gap between Apple and Microsoft over the past few years, could you provide a current ratio analysis comparing Apple and Microsoft over the past few years, how has the current ratio trend for Apple compared to Microsoft's trend over the past few years?",fun_comparative,Current Ratio,
"How does the debt to equity ratio of Apple compare to Microsoft over the past few years, can you provide a comparison of the debt-to-equity ratio trends between Apple and Microsoft in recent years, what is the debt-to-equity ratio difference between Apple and Microsoft over the past few years, how has the debt-to-equity ratio of Apple compared to Microsoft over the past few years, are there any notable differences in debt-to-equity ratio performance between Apple and Microsoft over the past few years, can you compare the debt-to-equity ratio figures of Apple and Microsoft over the past few years, how do the debt-to-equity ratio trajectories of Apple and Microsoft differ over the past few years, what is the debt-to-equity ratio gap between Apple and Microsoft?",fun_comparative,Debtor Equity Ratio,
"How does the net profit margin of Apple compare to Microsoft over the past few years, can you provide a comparison of the net profit margin trends between Apple and Microsoft in recent years, what is the net profit margin difference between Apple and Microsoft over the past few years, how has the net profit margin of Apple compared to Microsoft over the past few years, are there any notable differences in net profit margin performance between Apple and Microsoft over the past few years, can you compare the net profit margin figures of Apple and Microsoft over the past few years, how do the net profit margin trajectories of Apple and Microsoft differ over the past few years, what is the net profit margin gap between Apple and Microsoft over the past few years, could you provide a net profit margin analysis comparing Apple and Microsoft over the past few years, how has the net profit margin trend for Apple compared to Microsoft's trend over the past few years?",fun_comparative,Net Profit Margin,
"What is the inflation rate comparison between Apple and Microsoft over the past few years, can you provide a comparison of the inflation rate trends between Apple and Microsoft in recent years, how does the inflation rate of Apple compare to Microsoft over the past few years, how has the inflation rate of Apple compared to Microsoft over the past few years, are there any notable differences in inflation rate performance between Apple and Microsoft over the past few years, can you compare the inflation rate figures of Apple and Microsoft over the past few years, how do the inflation rate trajectories of Apple and Microsoft differ over the past few years, what is the inflation rate gap between Apple and Microsoft over the past few years, could you provide an inflation rate analysis comparing Apple and Microsoft over the past few years, how has the inflation rate trend for Apple compared to Microsoft's trend over the past few years?",fun_comparative,Inflation Rate(in US),
"How does the EBITDA of Apple compare to Microsoft over the past few years, can you provide a comparison of the EBITDA trends between Apple and Microsoft in recent years, what is the EBITDA difference between Apple and Microsoft over the past few years, how has the EBITDA of Apple compared to Microsoft over the past few years, are there any notable differences in EBITDA performance between Apple and Microsoft over the past few years, can you compare the EBITDA figures of Apple and Microsoft over the past few years, how do the EBITDA trajectories of Apple and Microsoft differ over the past few years, what is the EBITDA gap between Apple and Microsoft over the past few years, could you provide an EBITDA analysis comparing Apple and Microsoft over the past few years, how has the EBITDA trend for Apple compared to Microsoft's trend over the past few years?",fun_comparative,EBITDA,
"How does the cash flow from operating activities of Apple compare to Microsoft over the past few years, can you provide a comparison of the cash flow from operating activities trends between Apple and Microsoft in recent years, what is the cash flow from operating activities difference between Apple and Microsoft over the past few years, how has the cash flow from operating activities of Apple compared to Microsoft over the past few years, are there any notable differences in cash flow from operating activities performance between Apple and Microsoft over the past few years, can you compare the cash flow from operating activities figures of Apple and Microsoft over the past few years, how do the cash flow from operating activities trajectories of Apple and Microsoft differ over the past few years, what is the cash flow from operating activities gap between Apple and Microsoft over the past few years, could you provide a cash flow from operating activities analysis comparing Apple and Microsoft over the past few years, how has the cash flow from operating activities trend for Apple compared to Microsoft's trend over the past few years?",fun_comparative,Cash Flow from Operating,
"How does the cash flow from investing activities of Apple compare to Microsoft over the past few years, can you provide a comparison of the cash flow from investing activities trends between Apple and Microsoft in recent years, what is the cash flow from investing activities difference between Apple and Microsoft over the past few years, how has the cash flow from investing activities of Apple compared to Microsoft over the past few years, are there any notable differences in cash flow from investing activities performance between Apple and Microsoft over the past few years, can you compare the cash flow from investing activities figures of Apple and Microsoft over the past few years, how do the cash flow from investing activities trajectories of Apple and Microsoft differ over the past few years, what is the cash flow from investing activities gap between Apple and Microsoft over the past few years, could you provide a cash flow from investing activities analysis comparing Apple and Microsoft over the past few years, how has the cash flow from investing activities trend for Apple compared to Microsoft's trend over the past few years?",fun_comparative,Cash Flow from Investing,
"How does the cash flow from financial activities of Apple compare to Microsoft over the past few years, can you provide a comparison of the cash flow from financial activities trends between Apple and Microsoft in recent years, what is the cash flow from financial activities difference between Apple and Microsoft over the past few years, how has the cash flow from financial activities of Apple compared to Microsoft over the past few years, are there any notable differences in cash flow from financial activities performance between Apple and Microsoft over the past few years, can you compare the cash flow from financial activities figures of Apple and Microsoft over the past few years, how do the cash flow from financial activities trajectories of Apple and Microsoft differ over the past few years, what is the cash flow from financial activities gap between Apple and Microsoft over the past few years, could you provide a cash flow from financial activities analysis comparing Apple and Microsoft over the past few years, how has the cash flow from financial activities trend for Apple compared to Microsoft's trend over the past few years?",fun_comparative,Cash Flow from Financial Activities,
"How does the return on equity(ROE) of Apple compare to Microsoft over the past few years, can you provide a comparison of the return on equity(ROE) trends between Apple and Microsoft in recent years, what is the return on equity difference between Apple and Microsoft over the past few years, how has the return on equity of Apple compared to Microsoft over the past few years, are there any notable differences in return on equity (ROE)performance between Apple and Microsoft over the past few years, can you compare the return on equity(ROE) figures of Apple and Microsoft over the past few years, how do the return on equity(ROE) trajectories of Apple and Microsoft differ over the past few years, what is the return on equity(ROE) gap between Apple and Microsoft over the past few years, could you provide a return on equity (ROE)analysis comparing Apple and Microsoft over the past few years, how has the return on equity trend for Apple compared to Microsoft's trend over the past few years?",fun_comparative,ROE,
"How does the return on assets(ROA) of Apple compare to Microsoft over the past few years, can you provide a comparison of the return on assets (ROA) trends between Apple and Microsoft in recent years, what is the return on assets(ROA) difference between Apple and Microsoft over the past few years, how has the return on assets(ROA) of Apple compared to Microsoft over the past few years, are there any notable differences in return on assets(ROA) performance between Apple and Microsoft over the past few years, can you compare the return on asset(ROA)s figures of Apple and Microsoft over the past few years, how do the return on assets trajectories of Apple and Microsoft differ over the past few years, what is the return on asset(ROA)s gap between Apple and Microsoft over the past few years, could you provide a return on assets(ROA)?",fun_comparative,ROA,
"How does the return on investment(ROI) of Apple compare to Microsoft over the past few years, can you provide a comparison of the return on investment(ROI) trends between Apple and Microsoft in recent years, what is the return on investment(ROI) difference between Apple and Microsoft over the past few years, how has the return on investment(ROI) of Apple compared to Microsoft over the past few years, are there any notable differences in return on investment(ROI) performance between Apple and Microsoft over the past few years, can you compare the return on investment(ROI) figures of Apple and Microsoft over the past few years, how do the return on investment(ROI) trajectories of Apple and Microsoft differ over the past few years, what is the return on investment(ROI) gap between Apple and Microsoft over the past few years, could you provide a return on investment analysis comparing Apple and Microsoft over the past few years, how has the return on investment(ROI) trend for Apple compared to Microsoft's trend over the past few years?",fun_comparative,ROI,
"How does the return on tangible equity of Apple compare to Microsoft over the past few years, can you provide a comparison of the return on tangible equity trends between Apple and Microsoft in recent years, what is the return on tangible equity difference between Apple and Microsoft over the past few years, how has the return on tangible equity of Apple compared to Microsoft over the past few years, are there any notable differences in return on tangible equity performance between Apple and Microsoft over the past few years, can you compare the return on tangible equity figures of Apple and Microsoft over the past few years, how do the return on tangible equity trajectories of Apple and Microsoft differ over the past few years, what is the return on tangible equity gap between Apple and Microsoft over the past few years, could you provide a return on tangible equity analysis comparing Apple and Microsoft over the past few years, how has the return on tangible equity trend for Apple compared to Microsoft's trend over the past few years?",fun_comparative,Return on Tangible Equity,
"How does the shareholder equity of Apple compare to Microsoft over the past few years, can you provide a comparison of the shareholder equity trends between Apple and Microsoft in recent years, what is the shareholder equity difference between Apple and Microsoft over the past few years, how has the shareholder equity of Apple compared to Microsoft over the past few years, are there any notable differences in shareholder equity performance between Apple and Microsoft over the past few years, can you compare the shareholder equity figures of Apple and Microsoft over the past few years, how do the shareholder equity trajectories of Apple and Microsoft differ over the past few years, what is the shareholder equity gap between Apple and Microsoft over the past few years, could you provide a shareholder equity analysis comparing Apple and Microsoft over the past few years, how has the shareholder equity trend for Apple compared to Microsoft's trend over the past few years?",fun_comparative,Share Holder Equity,
"How does the free cash flow per share of Apple compare to Microsoft over the past few years, can you provide a comparison of the free cash flow per share trends between Apple and Microsoft in recent years, what is the free cash flow per share difference between Apple and Microsoft over the past few years, how has the free cash flow per share of Apple compared to Microsoft over the past few years, are there any notable differences in free cash flow per share performance between Apple and Microsoft over the past few years, can you compare the free cash flow per share figures of Apple and Microsoft over the past few years, how do the free cash flow per share trajectories of Apple and Microsoft differ over the past few years, what is the free cash flow per share gap between Apple and Microsoft over the past few years, could you provide a free cash flow per share analysis comparing Apple and Microsoft over the past few years, how has the free cash flow per share trend for Apple compared to Microsoft's trend over the past few years?",fun_comparative,Free Cash Flow per Share,
"What is the stock valuation of the Apple in 2010?, How was Apple's stock price performance in 2010 ?",fun_stock,stock,
What is the risk of Apple in  2010?,fun_risk,risk Analyst,
"Capital budgeting analysis for Apple in the year 2019?, How did Apple finance its capital expenditures in 2019?,  What were the major capital expenditures for Apple in 2019?, How did Apple prioritize its capital projects in 2019?",fun_capital,Capital budgeting,
"Should I invest in Apple?, Is Apple a good investment option?, What is the long-term outlook for Apple's stock?, What are analysts' recommendations regarding investment in Apple?,  What are analysts' recommendations regarding investment in Apple?",fun_invest,Invesment,
