question,location,intent
h,I don't understand what you are saying please give me more detail.,greeting
"hi, hiiii, hii","Hello there,  I'm an AI Financial Q & A designed bot to assist you.",greeting
hello there,"Hi, I'm an AI Financial Q & A designed bot to assist you.",greeting
hey,"Hello, I'm an AI designed to assist you.",greeting
how are you?,"I'm doing well, thank you. How about yourself?",greeting
how's your day going?,"it's going pretty good, thanks for asking. How about you?",greeting
How's your day going?,I'm just here to assist you. How can I help you today?,greeting
how are things on your end?,I'm here and ready to assist you with any questions or tasks you have.,greeting
Good to see you! What's up?,I'm here to help. What can I assist you with today?,greeting
how have you been?,I'm an AI designed to assist you. What do you need help with today?,greeting
What's new with you?,I'm just here to help you. What can I assist you with today?,greeting
How's life treating you?,I'm an AI designed to assist you. What can I help you with today?,greeting
How's life treating you lately?,I'm here and ready to assist you with any questions or tasks you have.,greeting
what's the latest?,I'm here to assist you. What do you need help with today?,greeting
Good to see you! How have you been?,I'm here and ready to assist you. How can I help you today?,greeting
How's everything going?,I'm here to help you with any questions you have. How can I assist you?,greeting
"Bye, bye, byee, Exit, Goodbye","Goodbye! If you have any more questions in the future, feel free to ask.",greeting
See you later,"See you later! Remember, I'm here to help whenever you need.",greeting
Take care,"Take care! If you need assistance again, don't hesitate to reach out.",greeting
Farewell,Farewell! Don't hesitate to return if you need further assistance.,greeting
Until next time,Until next time! Feel free to come back if you have more questions.,greeting
Bye for now,"Goodbye for now! If you have more questions later, feel free to ask.",greeting
Bye-bye,"Goodbye! If you have any more questions in the future, feel free to ask.",greeting
Goodbye and take care,"Goodbye and take care! If you have more questions later, feel free to ask.",greeting
hey there,"Hey, I'm an AI Financial Q & A designed bot to assist you. ",greeting
"Give me the list of company, How many company are you working with?",list_company,
"What is Market Capitalization? What s Market Cap? Give me the definition of Market Capitalization?, give me the description of Market capitalization.","Market capitalization, or ""market cap,"" represents the total dollar market value of a company's outstanding shares of stock. Investors use this figure to determine a company's size instead of sales or total asset value. In an acquisition, the market cap helps determine whether a takeover candidate represents a good value for the acquirer.",general
What is Revenue? Give me the definition of Revenue.,"Revenue is the money generated from normal business operations, calculated as the average sales price times the number of units sold. It is the top line (or gross income) figure from which costs are subtracted to determine net income. Revenue is also known as sales on the income statement.",general
What is Gross Profit? Give me the definition of Gross Profit.,Gross profit is the profit a company makes after deducting the costs associated with producing and selling its products or the costs associated with its services. Gross profit may also be referred to as sales profit or gross income. Gross profit appears on a company's income statement and is calculated by subtracting the cost of goods sold (COGS) from revenue or sales. Gross profit should not be confused with operating profit. Operating profit is calculated by subtracting operating expenses from gross profit.,general
What is Net Income? Give me the definition of Net Income.,"Net income (NI), also called net earnings, is calculated as sales minus cost of goods sold, selling, general and administrative expenses, operating expenses, depreciation, interest, taxes, and other expenses. It is a useful number for investors to assess how much revenue exceeds the expenses of an organization. This number appears on a company's income statement and is also an indicator of a company's profitability. Net income also refers to an individual's income after taking taxes and deductions into account.",general
What is Earnings Per Share? Give me the definition of Earnings Per Share,"Earnings per share (EPS) is a company's net income subtracted by preferred dividends and then divided by the average number of common shares outstanding. The resulting number serves as an indicator of a company's profitability. It is common for a company to report EPS that is adjusted for extraordinary items and potential share dilution. The higher a company's EPS, the more profitable it is considered to be.",general
What is EBITDA? Give me the definition of EBITDA.,"EBITDA stands for Earnings Before Interest, Taxes, Depreciation, and Amortization and is a metric used to evaluate a company’s operating performance. It can be seen as a loose proxy for cash flow from the entire company’s operations.",general
What is Shareholder Equity? Give me the definition of Shareholder Equity.,"Shareholder equity (SE) is a company's net worth and it is equal to the total dollar amount that would be returned to the shareholders if the company must be liquidated and all its debts are paid off. Thus, shareholder equity is equal to a company's total assets minus its total liabilities. SE is a number that stock investors and analysts look at when they're evaluating a company's overall financial health. It helps them to judge the quality of the company's financial ratios, providing them with the tools to make better investment decisions. Retained earnings are part of shareholder equity as is any capital invested in the company.",general
"What Is CFO?, What is called CFO (Cash flow from operating activities)?What is CFO? What is Cash Flow from Operating Activities?","Cash flow from operating activities (CFO) indicates the amount of money a company brings in from its ongoing, regular business activities, such as manufacturing and selling goods or providing a service to customers. It is the first section depicted on a company's cash flow statement.Cash flow from operating activities does not include long-term capital expenditures or investment revenue and expense. CFO focuses only on the core business, and is also known as operating cash flow (OCF) or net cash from operating activities.",general
"What Is CFI?, What is called  CFI (Cash flow from inversting activies)? What is CFI? What is Cash Flow from Investing Activities?","Cash flow from investing activities (CFI) is one of the sections on the cash flow statement that reports how much cash has been generated or spent from various investment-related activities in a specific period. Investing activities include purchases of physical assets, investments in securities, or the sale of securities or assets. Negative cash flow is often indicative of a company's poor performance. However, negative cash flow from investing activities might be due to significant amounts of cash being invested in the long-term health of the company, such as research and development.",general
"What is CFF?, What is called CFF (Cash Flow from financing activities)? What is CFF? What is Cash Flow from Financing Activities?","Cash flow from financing activities (CFF) is a section of a company’s cash flow statement, which shows the net flows of cash that are used to fund the company. Financing activities include transactions involving debt, equity, and dividends. Cash flow from financing activities provides investors with insight into a company’s financial strength and how well a company's capital structure is managed.",general
What is the Current Ratio? Give me the definition of the Current Ratio.,"The current ratio is a liquidity ratio that measures a company’s ability to pay short-term obligations or those due within one year. It tells investors and analysts how a company can maximize the current assets on its balance sheet to satisfy its current debt and other payables. A current ratio that is in line with the industry average or slightly higher is generally considered acceptable. A current ratio that is lower than the industry average may indicate a higher risk of distress or default. Similarly, if a company has a very high current ratio compared with its peer group, it indicates that management may not be using its assets efficiently. The current ratio is called current because, unlike some other liquidity ratios, it incorporates all current assets and current liabilities. The current ratio is sometimes called the working capital ratio.",general
What Is the DE Ratio? What is the Debt-to-Equity (DE) Ratio? Give me the definition of the Debt-to-Equity Ratio.,The debt-to-equity (D/E) ratio is used to evaluate a company’s financial leverage and is calculated by dividing a company’s total liabilities by its shareholder equity. The D/E ratio is an important metric in corporate finance. It is a measure of the degree to which a company is financing its operations with debt rather than its own resources. The debt-to-equity ratio is a particular type of gearing ratio.,general
What is ROE? What is Return on Equity (ROE)? Give me the definition of Return on Equity.,"Return on equity (ROE) is a measure of financial performance calculated by dividing net income by shareholders' equity. Because shareholders' equity is equal to a company’s assets minus its debt, ROE is considered the return on net assets. ROE is considered a gauge of a corporation's profitability and how efficient it is in generating profits. The higher the ROE, the more efficient a company's management is at generating income and growth from its equity financing.
",general
What is ROA? What is the Return on Assets (ROA)? Give me the definition of Return on Assets.,"The term return on assets (ROA) refers to a financial ratio that indicates how profitable a company is in relation to its total assets. Corporate management, analysts, and investors can use ROA to determine how efficiently a company uses its assets to generate a profit. The metric is commonly expressed as a percentage by using a company's net income and its average assets. A higher ROA means a company is more efficient and productive at managing its balance sheet to generate profits while a lower ROA indicates there is room for improvement.",general
What is ROI? What is Return on Investment (ROI)? Give me the definition of Return on Investment.,"Return on investment (ROI) is a performance measure used to evaluate the efficiency or profitability of an investment or compare the efficiency of a number of different investments. ROI tries to directly measure the amount of return on a particular investment, relative to the investment’s cost. To calculate ROI, the benefit (or return) of an investment is divided by the cost of the investment. The result is expressed as a percentage or a ratio.",general
What is Net Profit Margin? Give me the definition of Net Profit Margin.,"The net profit margin, or simply net margin, measures how much net income or profit is generated as a percentage of revenue. It is the ratio of net profits to revenues for a company or business segment.Net profit margin is typically expressed as a percentage but can also be represented in decimal form. The net profit margin illustrates how much of each dollar in revenue collected by a company translates into profit.",general
What Is FCF? What is Free Cash Flow Per Share (FCF)? Give me the definition of Free Cash Flow Per Share.,"Free cash flow per share (FCF) is a measure of a company's financial flexibility that is determined by dividing free cash flow by the total number of shares outstanding. This measure serves as a proxy for measuring changes in earnings per share. Ideally, a business will generate more cash flow than is required for operational expenses and capital expenditures. When they do, the free cash flow per share metric below will increase, as the numerator grows holding shares outstanding constant. Increasing free cash flow to outstanding shares value is a positive, as a company is regarded as improving prospects and more financial & operational flexibility.",general
What is RoTE? What is Return on Tangible Equity (RoTE)? Give me the definition of Return on Tangible Equity.,"Return on tangible equity (RoTE) is a metric used to assess a company’s performance. It is most frequently used by analysts when analyzing financial institutions, such as banks and insurance companies. RoTE helps us understand the earnings generated for equity investors relative to the amount of equity capital, net of intangible assets. Therefore, it can be used to assess how efficiently management is allocating shareholders’ funds across the business or help predict the future profits that the company will generate.",general
What are stocks?,"Stocks represent ownership in a company. When you buy stocks, you're buying a portion of the company.",general
what is bond?,"A bond is a debt security issued by a government or corporation to raise capital. Investors who buy bonds are essentially lending money to the issuer in exchange for regular interest payments, known as coupon payments, and the return of the bond's face value at maturity. Bonds typically have fixed interest rates and maturity dates, providing investors with a predictable stream of income and return of principal.",general
What is the difference between stocks and bonds?,"Stocks represent ownership in a company, while bonds represent debt issued by a company or government.",general
what is diversification in investing?,"Diversification in investing is the strategy of spreading investments across different assets or asset classes to reduce risk. By investing in a variety of assets that are not perfectly correlated, investors can potentially minimize the impact of poor performance in any single investment or asset class on the overall portfolio. Diversification can be achieved by investing in stocks, bonds, real estate, commodities, and other asset classes, as well as by diversifying within each asset class by industry, geography, and other factors.",general
What is the purpose of diversification in investing?,"Diversification helps spread risk by investing in a variety of assets, reducing the impact of any single investment's performance on the overall portfolio.",general
what is a bull market?,"A bull market is a financial market characterized by rising prices and investor optimism. In a bull market, asset prices, such as stocks, bonds, or commodities, trend upward over an extended period, typically driven by strong economic fundamentals, positive investor sentiment, and increasing demand for assets. Bull markets are often associated with economic expansion, low unemployment, and robust corporate profits, leading investors to be optimistic about future returns.",general
what is bear market?,"A bear market is a financial market characterized by falling prices and investor pessimism. In a bear market, asset prices, such as stocks, bonds, or commodities, trend downward over an extended period, typically driven by economic downturns, negative investor sentiment, and declining demand for assets. Bear markets are often associated with economic recession, high unemployment, and decreasing corporate profits, leading investors to be cautious and uncertain about future returns.",general
What is the difference between a bull market and a bear market?,"A bull market is characterized by rising prices and investor optimism, while a bear market is characterized by falling prices and investor pessimism.",general
What is the concept of compounding in finance?,Compounding refers to the process of earning returns on both the initial investment and the accumulated earnings over time.,general
What is the role of a central bank in a country's economy?,"The central bank manages monetary policy, regulates banks, and controls the money supply to achieve economic stability and growth.",general
what is monetary policy?,"Monetary policy refers to the actions taken by a country's central bank to control the money supply and achieve macroeconomic objectives such as price stability, full employment, and economic growth. Central banks use various monetary policy tools, including open market operations, reserve requirements, and interest rate adjustments, to influence interest rates, inflation, and economic activity. The ultimate goal of monetary policy is to promote a stable and sustainable economic environment.",general
what is fiscal policy?,"Fiscal policy refers to the use of government spending and taxation to influence economic activity and achieve macroeconomic objectives such as economic growth, employment, and price stability. Governments use fiscal policy tools, such as changes in tax rates, government spending on infrastructure projects, and welfare programs, to stimulate or slow down economic growth, depending on the prevailing economic conditions. Fiscal policy is designed to complement monetary policy and ensure overall economic stability and prosperity.",general
What is the difference between monetary policy and fiscal policy?,"Monetary policy involves actions taken by the central bank to control the money supply and interest rates, while fiscal policy involves government spending and taxation to influence economic activity.",general
What is the purpose of financial statements?,"Financial statements provide information about a company's financial performance and position, including its income, expenses, assets, and liabilities.",general
What is the significance of the time value of money?,The time value of money recognizes that a dollar today is worth more than a dollar in the future due to its potential earning capacity and inflation.,general
What are the main types of financial ratios used for analysis?,"Financial ratios include liquidity ratios, profitability ratios, solvency ratios, and efficiency ratios, which help assess different aspects of a company's financial health.",general
What is the difference between gross profit and net profit?,"Gross profit is revenue minus the cost of goods sold, while net profit is gross profit minus operating expenses, taxes, and other costs.",general
What are the key components of a balance sheet?,"The key components of a balance sheet are assets, liabilities, and shareholders' equity, which represent what the company owns, owes, and the owners' investment in the company, respectively.",general
What is the difference between a mutual fund and an exchange-traded fund (ETF)?,"Mutual funds are actively managed pools of funds, while ETFs are passively managed and trade on stock exchanges like individual stocks.",general
What is the significance of the Efficient Market Hypothesis (EMH)?,"The EMH suggests that asset prices reflect all available information, making it difficult for investors to consistently outperform the market.",general
What is the role of credit rating agencies in the financial markets?,"Credit rating agencies assess the creditworthiness of companies and governments by assigning credit ratings, which help investors evaluate the risk of investing in their debt securities.",general
What is the difference between a traditional IRA and a Roth IRA?,"Contributions to a traditional IRA may be tax-deductible, but withdrawals are taxed as ordinary income, while contributions to a Roth IRA are made with after-tax dollars, but withdrawals are tax-free in retirement.",general
What is the purpose of financial planning?,"Financial planning helps individuals and organizations set financial goals, create a budget, manage debt, save for the future, and achieve financial security.",general
What is the role of a financial advisor?,"A financial advisor provides personalized advice and guidance on investment strategies, retirement planning, insurance, taxes, and other financial matters.",general
What is the difference between a fixed-rate and a variable-rate loan?,"A fixed-rate loan has a constant interest rate and monthly payment throughout the loan term, while a variable-rate loan has an interest rate that may change periodically based on market conditions.",general
What are the main factors that affect interest rates?,"Interest rates are influenced by factors such as inflation, central bank policy, economic growth, supply and demand for credit, and investor sentiment.",general
What is the role of insurance in personal finance?,"Insurance provides protection against financial losses due to unexpected events such as accidents, illness, death, property damage, or liability claims.",general
What is the difference between simple interest and compound interest?,"Simple interest is calculated only on the principal amount, while compound interest is calculated on both the principal and any accumulated interest.",general
What is the significance of the risk-return tradeoff in investing?,"The risk-return tradeoff suggests that higher potential returns are typically associated with higher levels of risk, and investors must weigh the potential rewards against the potential losses when making investment decisions.",general
What is the purpose of a budget?,"A budget helps individuals and organizations plan and track income and expenses, prioritize spending, and achieve financial goals.",general
What are the main types of financial markets?,"Financial markets include stock markets, bond markets, money markets, and derivatives markets, where securities, commodities, currencies, and other financial instruments are bought and sold.",general
What is the difference between a stock split and a stock dividend?,"A stock split increases the number of outstanding shares and reduces the price per share proportionally, while a stock dividend distributes additional shares to existing shareholders without affecting the price per share.",general
What is the role of the Federal Reserve in the U.S. banking system?,"The Federal Reserve acts as the central bank of the United States, overseeing monetary policy, regulating banks, and providing financial services to banks and the government.",general
What is the significance of the debt-to-equity ratio?,The debt-to-equity ratio measures a company's financial leverage and indicates the proportion of debt financing relative to equity financing in its capital structure.,general
What are the main types of investment risk?,"Investment risks include market risk, interest rate risk, credit risk, inflation risk, liquidity risk, and geopolitical risk, among others.",general
What is the difference between a traditional 401(k) and a Roth 401(k)?,"Contributions to a traditional 401(k) are made with pre-tax dollars and are taxed upon withdrawal, while contributions to a Roth 401(k) are made with after-tax dollars and withdrawals are tax-free in retirement.",general
What is the role of a financial statement audit?,"A financial statement audit provides assurance on the accuracy and reliability of a company's financial statements, helping investors and stakeholders make informed decisions.",general
What is the significance of the price-to-earnings (P/E) ratio?,"The P/E ratio compares a company's stock price to its earnings per share, providing insight into its valuation relative to its earnings potential.",general
What is the difference between systematic and unsystematic risk?,"Systematic risk, also known as market risk, affects the entire market and cannot be diversified away, while unsystematic risk, also known as specific risk, is unique to a particular company or industry and can be reduced through diversification.",general
What is the role of financial leverage in investing?,Financial leverage involves using borrowed funds to increase the potential return on investment.,general
What is the significance of the Sharpe ratio in investment analysis?,"The Sharpe ratio measures the risk-adjusted return of an investment, helping investors evaluate the return per unit of risk taken.",general
What are the main factors that affect bond prices?,"Bond prices are influenced by interest rates, credit quality, maturity, and market demand.",general
What is the role of a financial planner?,"A financial planner helps individuals and families create comprehensive financial plans, including budgeting, retirement planning, tax strategies, and investment management.",general
What is the difference between traditional and Roth versions of IRA?,"Traditional IRAs offer tax-deferred growth, with contributions potentially tax-deductible, while Roth IRAs offer tax-free growth, with contributions made with after-tax dollars.",general
What is the significance of the debt-to-income ratio in personal finance?,"The debt-to-income ratio measures the percentage of a person's income that goes toward paying debts, helping lenders assess the borrower's ability to manage additional debt.",general
What is the role of a credit score in personal finance?,"A credit score is a numerical representation of a person's creditworthiness, used by lenders to evaluate the risk of extending credit to the individual.",general
What is the difference between secured and unsecured loans?,"Secured loans are backed by collateral, such as a house or car, while unsecured loans are not backed by collateral and are based on the borrower's creditworthiness.",general
What are the main types of financial institutions?,"Financial institutions include banks, credit unions, investment banks, insurance companies, and brokerage firms, which provide various financial services to consumers and businesses.",general
What is the role of inflation in the economy?,"Inflation represents the rate at which the general level of prices for goods and services rises, eroding purchasing power and affecting interest rates, investments, and economic growth.",general
What is the difference between a traditional and a Roth 403(b) retirement account?,"Traditional 403(b) contributions are made with pre-tax dollars, while Roth 403(b) contributions are made with after-tax dollars, and withdrawals are tax-free in retirement.",general
What is the significance of the debt-to-asset ratio in financial analysis?,"The debt-to-asset ratio measures the proportion of a company's assets financed with debt, indicating its financial leverage and risk exposure.",general
What is the role of a financial analyst in the investment industry?,"Financial analysts evaluate investment opportunities, conduct financial research, analyze data, and provide recommendations to investors and fund managers.",general
What is the difference between an annuity and a life insurance policy?,"An annuity provides periodic payments to the annuitant over a specified period, while a life insurance policy pays out a death benefit to beneficiaries upon the insured's death.",general
What is the purpose of the FDIC?,"The FDIC insures bank deposits up to a certain limit, providing depositors with protection and confidence in the banking system.",general
What is the role of a hedge fund manager?,"A hedge fund manager oversees a hedge fund, making investment decisions, managing risk, and seeking to generate positive returns for investors.",general
What is the difference between a forward contract and a futures contract?,"A forward contract is a customized agreement between two parties to buy or sell an asset at a future date, while a futures contract is a standardized agreement traded on an exchange with specified terms and conditions.",general
What is the significance of the price-to-book (P/B) ratio in stock valuation?,"The P/B ratio compares a company's stock price to its book value per share, providing insight into its valuation relative to its net assets.",general
"how to calculate revenue?, what is the equation of revenue?,","The formula for calculating is, Revenue=Price per Unit×Number of Units Sold",general
"how to calculate Market Cap?,  what is the equation of Market Cap?","The formula for calculating is, Market Cap=Current Market Price per Share×Total Number of Outstanding Shares",general
"how to calculate Gross Profit?, what is the equation of gross profit?","The formula for calculating is, Gross Profit=Revenue−Cost of Goods Sold (COGS)",general
"how to calculate Net Income?, what is the equation of net income?","The formula for calculating is, Net Income=Total Revenue−Total Expenses",general
"how to calculate Earning Per Share?, what is the equation of earing per share?","The formula for calculating is, EPS= Net Income/Total Number of Outstanding Shares",general
"how to calculate EBITDA?, what is the equation of ebitda?, what is the equation of ebita?","The formula for calculating is, EBITDA=Net Income+Interest+Taxes+Depreciation+Amortization",general
how to calculate Share Holder Equity?,"The formula for calculating is, Shareholder Equity=Total Assets−Total Liabilities",general
how to calculate Cash Flow from Operating?,"The formula for calculating is, Cash Flow from Operating=Net Income+Non-Cash Expenses+Changes in Working Capital",general
how to calculate Cash Flow from Investing?,"The formula for calculating is, Cash Flow from Investing=Total Cash Inflows−Total Cash Outflows",general
how to calculate Cash Flow from Financial Activities?,"The formula for calculating is, Cash Flow from Financial Activities=Total Cash Inflows−Total Cash Outflows",general
how to calculate Current Ratio?,"The formula for calculating is, Current Ratio= Current Assets / Current Liabilities",general
how to calculate DE Ratio?,"The formula for calculating is, Debt-to-Equity Ratio (D/E)= Total Debt/Total Equity",general
how to calculate ROE?,"The formula for calculating is, ROE= Net Income / Shareholders’ Equity",general
how to calculate ROA?,"The formula for calculating is, ROA= Net Income / Total Assets",general
how to calculate ROI?,"The formula for calculating is, ROI=( Net Profit / Initial Investment)×100%",general
how to calculate Net Profit Margin?,"The formula for calculating is, Net Profit Margin=( Net Income / Total Revenue)×100%",general
how to calculate Free Cash Flow per Share?,"The formula for calculating is, FCF per Share=  Free Cash Flow / Number of Shares Outstanding",general
how to calculate Return on Tangible Equity?,"The formula for calculating is, ROTE= Net Income / Tangible Equity",general
What is a mortgage?,"A mortgage is a loan that is used to purchase a property. The property itself serves as collateral for the loan, which means that if the borrower fails to repay the loan according to the agreed terms, the lender has the right to take possession of the property through a process called foreclosure.",general
How does a mortgage work?,"When you take out a mortgage, you borrow a specific amount of money from a lender (such as a bank or a mortgage company) to purchase a home. You then agree to repay the loan over a set period of time, usually 15 to 30 years, with interest. Each month, you make a mortgage payment, which typically includes both principal (the amount you borrowed) and interest (the cost of borrowing the money).",general
What types of mortgages are available?,"There are several types of mortgages available, including fixed-rate mortgages, adjustable-rate mortgages (ARMs), FHA loans, VA loans, and jumbo loans. Each type of mortgage has its own terms, interest rates, and eligibility requirements, so it's important to research your options and choose the one that best fits your financial situation and needs.",general
How are stocks traded?,"Stocks are traded on stock exchanges, where buyers and sellers come together to exchange shares. These exchanges include the New York Stock Exchange (NYSE) and the Nasdaq.",general
What is TFSA? what is tfsa? What is  Tax-Free Savings Account?,"TFSA stands for Tax-Free Savings Account. It's a Canadian government program that allows individuals who are 18 and older with a valid social insurance number to set money aside tax-free throughout their lifetime. Contributions to a TFSA are not deductible for income tax purposes, but investment income, including capital gains, earned in a TFSA is not taxed, even when withdrawn. This makes TFSAs a powerful savings tool for Canadians to grow their savings without paying taxes on the growth.",general
"What is RRSP?, what is Rrsp?, What is  Registered retirement savings plan? How rrsp works?","RRSP stands for Registered Retirement Savings Plan. It's a Canadian government program designed to help individuals save for retirement. Contributions to an RRSP are tax-deductible, meaning they can reduce your taxable income, potentially lowering the amount of tax you owe. Investment income earned within an RRSP is not taxed until it is withdrawn. However, when you withdraw funds from an RRSP, the amount is considered taxable income in the year it is withdrawn.",general
What is the difference between common stock and preferred stock?,Common stock represents ownership in a company and typically comes with voting rights. Preferred stock usually doesn't have voting rights but has a higher claim on assets and dividends.,general
What factors can affect the price of a stock?,"Factors such as company earnings, economic conditions, industry trends, investor sentiment, and geopolitical events can influence stock prices.",general
What is a stock market index?,"A stock market index tracks the performance of a specific group of stocks, representing a portion of the overall market. Examples include the S&P 500, Dow Jones Industrial Average, and Nasdaq Composite.",general
What is a dividend?,"A dividend is a portion of a company's earnings that is distributed to shareholders. It's usually paid on a regular basis, such as quarterly.",general
How is a stock's dividend yield calculated?,Dividend yield is calculated by dividing the annual dividend per share by the stock's current price and multiplying by 100 to express it as a percentage.,general
What is a stock split?,"A stock split is when a company divides its existing shares into multiple shares. For example, in a 2-for-1 stock split, shareholders receive two shares for every one share they own.",general
What is a reverse stock split?,"A reverse stock split is when a company reduces the number of its outstanding shares, typically to increase the stock price.",general
What is a blue-chip stock?,"Blue-chip stocks are shares of large, well-established companies with a history of stable earnings and dividends. They're considered less risky than smaller companies' stocks.",general
What is a growth stock?,Growth stocks are shares of companies that are expected to grow at an above-average rate compared to other companies in the market.,general
What is a value stock?,Value stocks are shares of companies that are considered undervalued relative to their intrinsic worth. They often have lower price-to-earnings ratios and may pay dividends.,general
What is a dividend-paying stock?,A dividend-paying stock is a stock that pays dividends to its shareholders. These dividends are typically paid out of the company's earnings.,general
What is a blue-sky stock?,Blue-sky stocks are speculative stocks with little or no earnings history and high volatility. They're often associated with emerging industries or new technologies.,general
What is insider trading?,"Insider trading occurs when someone with non-public, material information about a company's stock trades based on that information. It's illegal and can result in severe penalties.",general
What is the difference between a limit order and a market order?,A limit order specifies the maximum price a buyer is willing to pay or the minimum price a seller is willing to accept. A market order buys or sells a stock at the current market price.,general
What is short selling?,"Short selling is a trading strategy where an investor borrows shares of a stock and sells them on the market, hoping to buy them back later at a lower price.",general
What is a stockbroker?,A stockbroker is a licensed professional who buys and sells securities on behalf of clients in exchange for a commission or fee.,general
What is a stock exchange?,A stock exchange is a marketplace where stocks and other securities are bought and sold. Examples include the New York Stock Exchange (NYSE) and the Nasdaq.,general
What is a blue-chip index?,"A blue-chip index is a stock market index that tracks the performance of large, well-established companies with a history of stable earnings and dividends.",general
What is a stock option?,"A stock option is a contract that gives the holder the right, but not the obligation, to buy or sell a specific amount of a stock at a predetermined price within a specified time frame.",general
What is a stock warrant?,A stock warrant is a financial instrument that gives the holder the right to purchase a company's stock at a specific price within a certain time period.,general
What is a stock dividend?,"A stock dividend is a dividend paid to shareholders in the form of additional shares of stock, rather than cash. It increases the number of shares outstanding but does not affect the company's total equity or market capitalization.",general
What is a stock buyback?,"A stock buyback, also known as a share repurchase, is when a company repurchases its own outstanding shares from the open market. It reduces the number of shares outstanding and can boost earnings per share and shareholder value.",general
What is a stock's beta coefficient?,"A stock's beta coefficient measures its volatility relative to the overall market. A beta of 1 indicates that the stock's price moves in line with the market, while a beta greater than 1 suggests higher volatility, and a beta less than 1 suggests lower volatility.",general
What is a stock's 52-week high and low?,"A stock's 52-week high and low represent the highest and lowest prices at which the stock has traded over the past year, respectively. These metrics provide insights into the stock's recent trading range and price volatility.",general
What is a stock's dividend payout ratio?,A stock's dividend payout ratio measures the percentage of a company's earnings paid out as dividends to shareholders. It is calculated by dividing the dividends per share by the earnings per share and multiplying by 100 to express it as a percentage. The payout ratio helps investors assess the sustainability of dividend payments and the company's ability to generate profits.,general
Why is Free Cash Flow per Share important for investors?,Free Cash Flow per Share is a measure of how much cash a company generates after accounting for capital expenditures. It is an important metric for investors as it shows how much cash is available to shareholders after the company has reinvested in its business.,general
How do Cash Flow from Investing Activities and Cash Flow from Financing Activities differ?,"Cash Flow from Investing Activities shows the cash generated or used by a company's investments in assets, such as property, plant, and equipment. Cash Flow from Financing Activities, on the other hand, shows the cash generated or used by a company's financing activities, such as issuing or repurchasing stock and paying dividends.",general
What is the importance of Cash Flow from Operating Activities?,Cash Flow from Operating Activities shows the amount of cash generated or used by a company's core business operations. It indicates the company's ability to generate cash from its day-to-day operations.,general
What does Net Profit Margin indicate?,Net Profit Margin is a profitability ratio that measures how much profit a company makes for every dollar of revenue generated. It is calculated by dividing net income by total revenue.,general
How does Return on Equity (ROE) reflect a company's performance?,ROE measures a company's profitability by dividing its net income by shareholders' equity. It shows how effectively the company is using shareholders' equity to generate profits.,general
What is the significance of Earning Per Share (EPS)?,EPS is a key indicator of a company's profitability and is calculated by dividing the net income by the total number of outstanding shares. It shows how much profit a company generates for each outstanding share of its stock.,general
What does Earning Per Share (EPS) reveal about a company's performance?,EPS indicates the profitability of a company on a per-share basis. It helps investors understand how much profit they might earn for each share they own.,general
How is Return on Equity (ROE) calculated and what does it signify?,ROE is calculated by dividing net income by shareholders' equity. It measures how effectively a company is using its equity to generate profits.,general
What factors can impact a company's Net Profit Margin?,"Net Profit Margin can be influenced by various factors, including the company's pricing strategy, cost of goods sold, operating expenses, and overall efficiency in managing costs.",general
How does Cash Flow from Operating Activities differ from Cash Flow from Investing Activities?,"Cash Flow from Operating Activities represents the cash generated or used in a company's core business operations, while Cash Flow from Investing Activities reflects cash flows related to the buying and selling of long-term assets.",general
What does a positive Free Cash Flow per Share indicate?,A positive Free Cash Flow per Share suggests that a company is generating more cash than it is using for capital expenditures. This can indicate financial health and the potential for future growth or shareholder returns.,general
How can Cash Flow from Financing Activities impact a company's financial position?,"Cash Flow from Financing Activities includes cash flows related to raising or repaying capital. Positive cash flow from financing activities can indicate that a company is able to raise capital easily, while negative cash flow may indicate debt repayment or shareholder distributions.",general
What is a stock market index?,A stock market index is a measurement of a section of the stock market. It is computed from the prices of selected stocks.,general
What is the difference between a stock and a bond?,"Stocks represent ownership in a company, while bonds represent a loan made by an investor to a borrower.",general
How does inflation impact investments?,"Inflation reduces the purchasing power of money over time, which can erode the real returns on investments.",general
What are the benefits of diversification in investing?,Diversification helps reduce risk by spreading investments across different asset classes and sectors.,general
What is compound interest?,"Compound interest is the interest calculated on the initial principal, which also includes all of the accumulated interest.",general
What is an exchange-traded fund (ETF)?,"An ETF is a type of investment fund and exchange-traded product, with shares that trade on stock exchanges.",general
What is a mutual fund?,A mutual fund is a type of investment vehicle made up of a pool of funds collected from many investors.,general
How do dividends work?,"Dividends are payments made by a corporation to its shareholders, usually in the form of cash or additional shares.",general
What is asset allocation?,Asset allocation is an investment strategy that aims to balance risk and reward by distributing a portfolio's assets.,general
What is risk tolerance?,Risk tolerance is the degree of variability in investment returns that an individual is willing to withstand.,general
What is a bull market?,A bull market is a financial market characterized by rising asset prices and investor confidence.,general
What is a bear market?,"A bear market is a financial market in which prices are falling, encouraging selling.",general
How does a Roth IRA work?,"A Roth IRA is an individual retirement account that allows individuals to save for retirement with after-tax dollars, meaning withdrawals in retirement are tax-free.",general
What is a capital gain?,"A capital gain is the profit from the sale of a capital asset, such as stocks, bonds, or real estate, which exceeds the purchase price.",general
What is a capital loss?,"A capital loss occurs when a capital asset, such as stocks, bonds, or real estate, decreases in value compared to the purchase price.",general
How are stock prices determined?,"Stock prices are determined by supply and demand, based on factors such as company performance, economic indicators, and investor sentiment.",general
What is dollar-cost averaging?,Dollar-cost averaging is an investment strategy in which an investor divides up the total amount to be invested across periodic purchases of a target asset.,general
What is the difference between active and passive investing?,"Active investing involves buying and selling securities in an attempt to outperform the market, while passive investing aims to replicate the performance of a market index.",general
How does the Federal Reserve influence the economy?,"The Federal Reserve influences the economy through monetary policy, which includes setting interest rates, controlling the money supply, and regulating the banking sector.",general
What is a financial statement?,"A financial statement is a formal record of the financial activities and position of a business, person, or other entity.",general
What is the difference between gross profit and net profit?,"Gross profit is the revenue minus the cost of goods sold, while net profit is the revenue minus all expenses and taxes.",general
How do you calculate return on investment (ROI)?,"ROI is calculated by dividing the net profit of an investment by the initial cost of the investment, then multiplying by 100 to get a percentage.",general
What is the difference between a traditional IRA and a Roth IRA?,"A traditional IRA allows individuals to make pre-tax contributions that grow tax-deferred, while Roth IRA contributions are made with after-tax dollars and withdrawals are tax-free in retirement.",general
What is the role of a financial advisor?,"A financial advisor provides guidance on various financial matters, such as investments, retirement planning, and estate planning, based on an individual's goals and risk tolerance.",general
What is the difference between a credit union and a bank?,"Credit unions are nonprofit organizations owned by their members, while banks are for-profit institutions.",general
How does a stock split affect the value of a stock?,"A stock split increases the number of shares outstanding and reduces the price per share, but does not change the overall value of the investment.",general
What is the difference between a bull and a bear market?,"A bull market is characterized by rising prices and investor optimism, while a bear market is characterized by falling prices and investor pessimism.",general
What is the difference between a savings account and a CD?,"A savings account allows for easy access to funds and typically offers lower interest rates, while a CD (certificate of deposit) locks in funds for a set period of time at a fixed interest rate.",general
What is the difference between a 401(k) and an IRA?,"A 401(k) is an employer-sponsored retirement plan, while an IRA is an individual retirement account that can be opened by an individual.",general
How does inflation impact the purchasing power of money?,"Inflation reduces the purchasing power of money over time, meaning that the same amount of money buys fewer goods and services.",general
What is the difference between a stock and a mutual fund?,"Stocks represent ownership in a single company, while mutual funds pool money from many investors to invest in a diversified portfolio of stocks, bonds, or other securities.",general
What is a dividend yield?,Dividend yield is a financial ratio that shows how much a company pays out in dividends each year relative to its share price.,general
What is the difference between a traditional 401(k) and a Roth 401(k)?,"A traditional 401(k) allows for pre-tax contributions and taxes are paid upon withdrawal, while a Roth 401(k) allows for after-tax contributions and tax-free withdrawals in retirement.",general
How does a company's credit rating affect its ability to borrow money?,A company's credit rating affects its ability to borrow money by influencing the interest rate it will pay on loans.,general
What is the difference between a stock and a bond?,"Stocks represent ownership in a company, while bonds represent a loan made by an investor to a borrower, typically a corporation or government.",general
What is the difference between a stock exchange and an over-the-counter market?,"A stock exchange is a regulated marketplace where securities are bought and sold, while the over-the-counter market is a decentralized market where securities are traded directly between parties.",general
How does a company's earnings per share (EPS) impact its stock price?,"A company's EPS is a key indicator of its profitability and can influence its stock price, with higher EPS generally leading to higher stock prices.",general
What is the difference between a growth stock and a value stock?,"Growth stocks are stocks of companies that are expected to grow at an above-average rate, while value stocks are stocks that are considered undervalued relative to their intrinsic value.",general
How does diversification help reduce investment risk?,"Diversification helps reduce investment risk by spreading investments across different asset classes, industries, and geographic regions.",general
What is the difference between a 403(b) and a 401(k) plan?,"A 403(b) plan is a retirement savings plan for certain employees of public schools and tax-exempt organizations, while a 401(k) plan is a retirement savings plan offered by private employers.",general
How does a company's price-to-earnings (P/E) ratio affect its stock price?,"A company's P/E ratio is a measure of its stock price relative to its earnings, and it can affect its stock price by indicating whether the stock is overvalued or undervalued.",general
What is the difference between a traditional and a Roth IRA?,"A traditional IRA allows for tax-deferred growth, while a Roth IRA allows for tax-free withdrawals in retirement.",general
How does supply and demand affect stock prices?,"When demand for a stock exceeds its supply, its price tends to rise, and when supply exceeds demand, its price tends to fall.",general
What is the role of a financial planner?,"A financial planner helps individuals and families create a plan to achieve their financial goals, such as saving for retirement, buying a home, or paying for education.",general
How does the Federal Reserve influence interest rates?,"The Federal Reserve influences interest rates through its monetary policy tools, such as setting the federal funds rate and conducting open market operations.",general
What is the difference between a traditional and a Roth 401(k)?,"A traditional 401(k) allows for pre-tax contributions and taxes are paid upon withdrawal, while a Roth 401(k) allows for after-tax contributions and tax-free withdrawals in retirement.",general
What is a 401(k) plan?,A 401(k) plan is a retirement savings plan sponsored by an employer that allows employees to save and invest a portion of their paycheck before taxes are taken out.,general
What is the difference between a stock and a bond?,"Stocks represent ownership in a company, while bonds represent a loan made by an investor to a borrower, typically a corporation or government.",general
How does a company's credit rating affect its ability to borrow money?,A company's credit rating affects its ability to borrow money by influencing the interest rate it will pay on loans.,general
What is the difference between a stock exchange and an over-the-counter market?,"A stock exchange is a regulated marketplace where securities are bought and sold, while the over-the-counter market is a decentralized market where securities are traded directly between parties.",general
How can I start investing with a small amount of money?,You can start investing with a small amount of money by opening a brokerage account and considering low-cost investment options such as index funds or ETFs.,general
What are some common investment mistakes to avoid?,"Some common investment mistakes to avoid include trying to time the market, investing based on emotions, and not diversifying your portfolio.",general
How can I build a diversified investment portfolio?,"You can build a diversified investment portfolio by investing in a mix of asset classes, such as stocks, bonds, and real estate, across different industries and geographic regions.",general
What is the difference between saving and investing?,"Saving involves setting aside money for future use, typically in low-risk, easily accessible accounts, while investing involves purchasing assets with the expectation of generating a return.",general
How can I create a budget to manage my finances better?,"You can create a budget by tracking your income and expenses, identifying areas where you can reduce spending, and setting financial goals.",general
What are some ways to reduce debt and improve my credit score?,"Some ways to reduce debt and improve your credit score include paying bills on time, keeping credit card balances low, and checking your credit report regularly for errors.",general
What is the difference between a traditional IRA and a Roth IRA?,"A traditional IRA allows for tax-deductible contributions and tax-deferred growth, while a Roth IRA allows for tax-free withdrawals in retirement.",general
How can I protect my investments from market volatility?,"You can protect your investments from market volatility by diversifying your portfolio, maintaining a long-term perspective, and avoiding emotional reactions to market fluctuations.",general
What are some tax-efficient investment strategies?,"Some tax-efficient investment strategies include investing in tax-advantaged accounts such as IRAs and 401(k)s, harvesting tax losses, and holding investments for the long term to qualify for lower capital gains tax rates.",general
How can I assess my risk tolerance when investing?,"You can assess your risk tolerance by considering your financial goals, time horizon, and comfort level with fluctuations in the value of your investments.",general
What are the key components of a financial report?,"The key components of a financial report include the balance sheet, income statement, and cash flow statement, which provide information about a company's financial position, performance, and cash flow.",general
How can I interpret a company's financial statements?,"You can interpret a company's financial statements by analyzing key ratios and trends, comparing them to industry benchmarks, and considering the company's overall financial health.",general
What is the role of financial analysis in investment decisions?,"Financial analysis helps investors evaluate the financial performance and health of a company, assess its investment potential, and make informed investment decisions.",general
How do economic indicators impact investment decisions?,"Economic indicators such as GDP growth, inflation rates, and unemployment numbers can provide insights into the health of the economy and influence investment decisions.",general
What are some strategies for managing investment risk?,"Some strategies for managing investment risk include diversifying your portfolio, investing for the long term, and periodically reviewing and adjusting your investments based on your goals and risk tolerance.",general
How can I evaluate the performance of my investments?,"You can evaluate the performance of your investments by comparing their returns to relevant benchmarks, considering the impact of fees and taxes, and reviewing your investment goals and risk tolerance.",general
What is the difference between a stock and a bond?,"Stocks represent ownership in a company, while bonds represent a loan made by an investor to a borrower, typically a corporation or government.",general
How does a company's credit rating affect its ability to borrow money?,A company's credit rating affects its ability to borrow money by influencing the interest rate it will pay on loans.,general
What is the difference between a stock exchange and an over-the-counter market?,"A stock exchange is a regulated marketplace where securities are bought and sold, while the over-the-counter market is a decentralized market where securities are traded directly between parties.",general
How does supply and demand affect stock prices?,"When demand for a stock exceeds its supply, its price tends to rise, and when supply exceeds demand, its price tends to fall.",general
What is the role of a financial planner?,"A financial planner helps individuals and families create a plan to achieve their financial goals, such as saving for retirement, buying a home, or paying for education.",general
How does the Federal Reserve influence interest rates?,"The Federal Reserve influences interest rates through its monetary policy tools, such as setting the federal funds rate and conducting open market operations.",general
What is the difference between a traditional and a Roth 401(k)?,"A traditional 401(k) allows for pre-tax contributions and taxes are paid upon withdrawal, while a Roth 401(k) allows for after-tax contributions and tax-free withdrawals in retirement.",general
What is a retirement plan?,A retirement plan is a financial arrangement designed to provide income to individuals during retirement. It typically involves saving money or investing in assets during one's working years to generate income later in life when one is no longer working.,general
Why is it important to have a retirement plan?,"Having a retirement plan is crucial for ensuring financial security during retirement years. It allows individuals to maintain their standard of living, cover expenses, and enjoy a comfortable retirement without relying solely on government benefits or assistance from family members.",general
What are the different types of retirement plans?,"There are several types of retirement plans, including: (1) Employer-sponsored plans such as 401(k), 403(b), and pension plans. (2) Individual retirement accounts (IRAs) like Traditional IRAs and Roth IRAs. (3)Self-employed retirement plans such as SEP-IRAs and Solo 401(k)s. (4) Government-sponsored plans like Social Security and Medicare.",general
How much should I save for retirement?,"The amount you should save for retirement depends on various factors such as your desired retirement lifestyle, current age, expected retirement age, life expectancy, inflation rate, and investment returns. Financial advisors often recommend saving at least 10-15% of your annual income for retirement.",general
When should I start saving for retirement?,"It's best to start saving for retirement as early as possible. The power of compound interest allows your savings to grow exponentially over time, so the earlier you start saving, the more time your investments have to grow.",general
What are the tax implications of retirement plans?,"The tax treatment of retirement plans varies depending on the type of plan. Contributions to Traditional IRAs and employer-sponsored plans like 401(k)s are typically tax-deductible, but withdrawals are taxed as ordinary income in retirement. Roth IRAs and Roth 401(k)s are funded with after-tax dollars, so qualified withdrawals are tax-free in retirement.",general
What happens if I don't have a retirement plan?,"Without a retirement plan, you may risk outliving your savings, relying on government assistance, or having to work longer than desired. Having a retirement plan helps you take control of your financial future and work towards a secure retirement.",general
What are the key factors to consider when choosing a retirement plan?,"When selecting a retirement plan, it's essential to consider factors such as your age, income level, risk tolerance, investment goals, employer offerings (if applicable), tax implications, and retirement lifestyle expectations.",general
What are the advantages of employer-sponsored retirement plans over individual retirement accounts (IRAs)?,"Employer-sponsored retirement plans often come with employer matching contributions, which can boost your retirement savings. Additionally, these plans may offer higher contribution limits compared to IRAs. However, IRAs provide more flexibility and control over investment choices.",general
How can I estimate my retirement expenses?,"To estimate retirement expenses, you can start by evaluating your current spending habits and considering potential changes in retirement, such as reduced commuting costs, healthcare expenses, and leisure activities. Online retirement calculators can also help you estimate your future expenses based on various factors.",general
What role does Social Security play in retirement planning?,"Social Security benefits can supplement retirement savings, but they may not be sufficient to cover all expenses. It's essential to understand how Social Security benefits are calculated, when you're eligible to start receiving benefits, and how your claiming decisions can impact the amount you receive.",general
What is market capitalization (market cap)?,"Market capitalization is the total market value of a company's outstanding shares of stock, calculated by multiplying share price by the number of shares outstanding.",general
"give today's date and time, current date and time",fun_time,general
What is the revenue of ORG in DATE? Can you please provide the total revenue generated by ORG in the year DATE? How much Revenue did ORG generate in DATE? How much revenue did ORG generate in DATE?  What was ORG's total revenue in DATE? Could you please provide the total revenue generated by ORG in the year DATE? How much revenue did ORG generate in the fiscal year DATE? What was ORG's revenue for the year DATE? Inquire about ORG's revenue in DATE? I'd like to know ORG's revenue for the period of DATE. How did ORG perform in terms of its revenue during that DATE? Could you provide me with details about ORG's revenue in DATE? I'm curious about the revenue figures for ORG during that specific period in DATE. Can you tell me how much ORG earned in DATE? Do you happen to have any information on ORG's revenue for DATE? Could you please provide more details about ORG's revenue during that DATE? I'm interested in knowing the total revenue that ORG generated in DATE.,fun_detail,Revenue
"What is the gross profit of ORG In 2015?, What is the gross profit figure for ORG in the year DATE?,What is the gross profit of ORG in DATE?,What was the gross profit figure for ORG in the year DATE?, How much gross profit did ORG generate in DATE?, What was ORG's gross profit in the fiscal year DATE? GIve me the  ORG's gross profit in DATE? I'd like to know ORG's gross profit for the period of DATE. How did ORG perform in terms of its gross profit during that DATE? Could you provide me with details about ORG's gross profit in DATE? I'm curious about the gross profit figures for ORG during  DATE. Can you tell me how much gross profit ORG earned in DATE? Do you happen to have any information on ORG's gross profit for DATE? Could you please provide more details about ORG's gross profit during DATE? I'm interested in knowing the total gross profit that ORG generated in DATE.",fun_detail,Gross Profit
"What was the Market Cap for ORG in DATE?,  What was ORG's market capitalization in DATE?, Could you please tell me the market capitalization of ORG for the year DATE?, What was the market capitalization of ORG in DATE?, What was ORG's market capitalization in DATE?, Could you please tell me the market capitalization of ORG  for the year DATE?, What was the market cap for ORG in the year DATE? Give me the the market capitalization of ORG in DATE? I'd like to know ORG's market capitalization for the period of DATE. How did ORG perform in terms of its market capitalization during DATE? Could you provide me with details about ORG's market cap in DATE? I'm curious about the market cap figures for ORG during DATE. Can you tell me ORG's market capitalization in DATE? Do you happen to have any information on ORG's market cap for DATE? Could you please provide more details about ORG's market cap during DATE? I'm interested in knowing the total market capitalization of ORG in DATE.",fun_detail,Market Cap
"What was the net income of ORG in DATE?, What was ORG's net income in DATE?, What was the net income reported by ORG  in the year DATE? How much net income did ORG generate in DATE? I'd like to know ORG's net income for the period of DATE. How did ORG perform in terms of its net income during that time? Could you provide me with details about ORG's net income in DATE? I'm curious about the net income figures for ORG during that DATE. Can you tell me how much net income ORG earned in DATE? Do you happen to have any information on ORG's net income for DATE? Could you please provide more details about ORG's net income during DATE? I'm interested in knowing the total net income that ORG generated in DATE.",fun_detail,Net Income
"What were the Earnings Per Share for ORG in DATE?, What was the earnings per share for ORG in DATE?, How does the earnings per share of ORG in DATE?, What was ORG's EPS in DATE? Could you please provide the EPS for ORG in the fiscal year DATE? I'd like to know ORG's earnings per share for the period of DATE. How did ORG perform in terms of its earnings per share during DATE? Could you provide me with details about ORG's earnings per share in DATE? I'm curious about the earnings per share figures for ORG during DATE. Can you tell me ORG's earnings per share in DATE? Do you happen to have any information on ORG's earnings per share for DATE? Could you please provide more details about ORG's earnings per share during DATE? I'm interested in knowing the total earnings per share of ORG in DATE.",fun_detail,Earning Per Share
"How does ORG's current ratio in the year DATE?, How does the current ratio of ORG in DATE?, What was ORG's current ratio in DATE?, How did ORG's current ratio in DATE? I'd like to know ORG's current ratio for the period of DATE. How did ORG perform in terms of its current ratio during DATE? Could you provide me with details about ORG's current ratio in DATE? I'm curious about the current ratio figures for ORG during  DATE. Can you tell me ORG's current ratio in DATE? Do you happen to have any information on ORG's current ratio for DATE? Could you please provide more details about ORG's current ratio during  DATE? I'm interested in knowing the total current ratio of ORG in DATE.",fun_detail,Current Ratio
"What is the Debt or Equity Ratio for ORG in DATE?, What is ORG's debt-to-equity ratio in DATE?, How does ORG's debt-to-equity ratio in DATE?",fun_detail,Debtor Equity Ratio
"What is the Net Profit Margin of ORG in DATE? What is ORG's net profit margin in DATE? What is the net profit margin of ORG  for the year DATE?, What was ORG's net profit margin in DATE? Could you please provide the net profit margin of ORG Inc. for the year DATE?",fun_detail,Net Profit Margin
"What is the inflation rate in the US of ORG for DATE?, What is the inflation rate in the DATE according to ORG?",fun_detail,Inflation Rate(in US)
"What was ORG's EBITDA in DATE?, What was ORG's Earnings Before Interest, Taxes, Depreciation, and Amortization in DATE?, What was ORG's earnings before interest, taxes, depreciation, and amortization in DATE?, What was the EBITDA (Earnings Before Interest, Taxes, Depreciation, and Amortization) for ORG in the year DATE? What was the Earnings Before Interest, Taxes, Depreciation, and Amortization (EBITDA) figure for ORG  in the year DATE?",fun_detail,EBITDA
"What is the Cash Flow from Operating activities for ORG in DATE?, What is the Cash Flow from Operating activities for ORG in the year DATE?, What is the cash flow from operating activities for ORG in DATE?",fun_detail,Cash Flow from Operating
"What is the Cash Flow from Investing activities for ORG in DATE?, What is the cash flow from investing activities for ORG in DATE?, What is the Cash Flow from Investing activities for ORG in the year DATE? What is the Cash Flow from Investing activities for ORG  in the year DATE?",fun_detail,Cash Flow from Investing
"What is the Cash Flow from Financial Activities for ORG in DATE?, What is the cash flow from investing activities for ORG in DATE?, What is the Cash Flow from Financial Activities for ORG  in the year DATE?",fun_detail,Cash Flow from Financial Activities
"What is the Return on Equity (ROE) for ORG in DATE?, What is the return on equity for ORG in DATE?, What is the Return on Equity (ROE) for ORG  in the year DATE?, How does ORG's return on equity compare to its industry average in DATE?",fun_detail,ROE
"What is the Return on Assets (ROA) for ORG in DATE?, What is the return on assets for ORG in DATE?, What is the Return on Assets (ROA) for ORG in the year DATE?",fun_detail,ROA
"What is the Return on Investment (ROI) for ORG in DATE?, What is the return on investment for ORG in DATE?, What is the Return on Investment (ROI) for ORG in the year DATE?",fun_detail,ROI
What is the Return on Tangible Equity for ORG in DATE?,fun_detail,Return on Tangible Equity
"What is the Shareholder Equity of ORG in DATE?, What is the Shareholder Equity of ORG in the year DATE?",fun_detail,Share Holder Equity
"What is the Free Cash Flow per Share for ORG in DATE?, What is the Free Cash Flow per Share for ORG in the year DATE?",fun_detail,Free Cash Flow per Share
"What is the return on tangible equity for ORG in DATE?, What is the Return on Tangible Equity for ORG in the year DATE?",fun_detail,Return on Tangible Equity
I would like to know the earnings per share (EPS) for ORG in the fiscal year DATE.,fun_detail,Earning Per Share
"What is the next five years revenue of the ORG?, What is the projected revenue for ORG in the upcoming years?, Can you provide an outlook on ORG's revenue for the coming years?, How do analysts foresee ORG's revenue evolving in the years ahead?, Are there any estimates on ORG's revenue trajectory for the near future?, What is the expected revenue trend for ORG in the upcoming years?",fun_predict,Revenue
"What is the projected gross profit for Apple in the upcoming years, can you provide an outlook on Apple's gross profit for the coming years, how do analysts foresee Apple's gross profit evolving in the years ahead, are there any estimates on Apple's gross profit trajectory for the near future, what is the expected gross profit trend for Apple in the upcoming years?",fun_predict,Gross Profit
"What is the projected market capitalization for ORG in the upcoming years, Can you provide an outlook on ORG's market capitalization for the coming years, how do analysts foresee ORG's market capitalization evolving in the years ahead, are there any estimates on ORG's market capitalization trajectory for the near future, what is the expected market capitalization trend for ORG in the upcoming years?",fun_predict,Market Cap
"What is the projected net income for ORG in the upcoming years, Can you provide an outlook on ORG's net income for the coming years, how do analysts foresee ORG's net income evolving in the years ahead, are there any estimates on ORG's net income trajectory for the near future, what is the expected net income trend for ORG in the upcoming years?",fun_predict,Net Income
"What is the projected earnings per share for ORG in the upcoming years, Can you provide an outlook on ORG's earnings per share for the coming years, how do analysts foresee ORG's earnings per share evolving in the years ahead, are there any estimates on ORG's earnings per share trajectory for the near future, what is the expected earnings per share trend for ORG in the upcoming years?",fun_predict,Earning Per Share
"What is the projected current ratio for ORG in the upcoming years, Can you provide an outlook on ORG's current ratio for the coming years, how do analysts foresee ORG's current ratio evolving in the years ahead, are there any estimates on ORG's current ratio trajectory for the near future, what is the expected current ratio trend for ORG in the upcoming years?",fun_predict,Current Ratio
"What is the projected debt-to-equity ratio for ORG in the upcoming years, Can you provide an outlook on ORG's debt-to-equity ratio for the coming years, how do analysts foresee ORG's debt-to-equity ratio evolving in the years ahead, are there any estimates on ORG's debt-to-equity ratio trajectory for the near future, what is the expected debt-to-equity ratio trend for ORG in the upcoming years?",fun_predict,Debtor Equity Ratio
"What is the projected net profit margin for ORG in the upcoming years, Can you provide an outlook on ORG's net profit margin for the coming years, how do analysts foresee ORG's net profit margin evolving in the years ahead, are there any estimates on ORG's net profit margin trajectory for the near future, what is the expected net profit margin trend for ORG in the upcoming years?",fun_predict,Net Profit Margin
"What is the projected inflation rate in the US for the upcoming years according to ORG, Can you provide an outlook on the inflation rate in the US for the coming years according to ORG, how does ORG foresee the inflation rate in the US evolving in the years ahead, are there any estimates on the inflation rate trajectory in the US for the near future according to ORG, what is the expected inflation rate trend in the US for the upcoming years according to ORG?",fun_predict,Inflation Rate(in US)
"What is the projected EBITDA for ORG in the upcoming years, Can you provide an outlook on ORG's Earnings Before Interest, Taxes, Depreciation, and Amortization for the coming years, how do analysts foresee ORG's EBITDA evolving in the years ahead, are there any estimates on ORG's EBITDA trajectory for the near future, what is the expected EBITDA trend for ORG in the upcoming years?",fun_predict,EBITDA
"What is the projected cash flow from operating activities for ORG in the upcoming years, Can you provide an outlook on ORG's cash flow from operating activities for the coming years, how do analysts foresee ORG's cash flow from operating activities evolving in the years ahead, are there any estimates on ORG's cash flow from operating activities trajectory for the near future, what is the expected cash flow from operating activities trend for ORG in the upcoming years?",fun_predict,Cash Flow from Operating
"What is the projected cash flow from investing activities for ORG in the upcoming years, Can you provide an outlook on ORG's cash flow from investing activities for the coming years, how do analysts foresee ORG's cash flow from investing activities evolving in the years ahead, are there any estimates on ORG's cash flow from investing activities trajectory for the near future, what is the expected cash flow from investing activities trend for ORG in the upcoming years?",fun_predict,Cash Flow from Investing
"What is the projected cash flow from financial activities for ORG in the upcoming years, Can you provide an outlook on ORG's cash flow from financial activities for the coming years, how do analysts foresee ORG's cash flow from financial activities evolving in the years ahead, are there any estimates on ORG's cash flow from financial activities trajectory for the near future, what is the expected cash flow from financial activities trend for ORG in the upcoming years?",fun_predict,Cash Flow from Financial Activities
"What is the projected return on equity ( ROE ) for ORG in the upcoming years, can you provide an outlook on ORG's return on equity for the coming years, how do analysts foresee ORG's return on equity evolving in the years ahead, are there any estimates on ORG's return on equity trajectory for the near future, what is the expected return on equity trend for ORG in the upcoming years?",fun_predict,ROE
"What is the projected return on assets (ROA) for ORG in the upcoming years, can you provide an outlook on ORG's return on assets (ROA) for the coming years, how do analysts foresee ORG's return on assets  (ROA)evolving in the years ahead, are there any estimates on ORG's return on assets (ROA) trajectory for the near future, what is the expected return on assets (ROA) trend for ORG in the upcoming years?",fun_predict,ROA
"What is the projected return on investment (ROI) for ORG in the upcoming years, can you provide an outlook on ORG's return on investment for the coming years, how do analysts foresee ORG's return on investment evolving in the years ahead, are there any estimates on ORG's return on investment trajectory for the near future, what is the expected return on investment trend for ORG in the upcoming years?",fun_predict,ROI
"What is the projected return on tangible equity for ORG in the upcoming years, can you provide an outlook on ORG's return on tangible equity for the coming years, how do analysts foresee ORG's return on tangible equity evolving in the years ahead, are there any estimates on ORG's return on tangible equity trajectory for the near future, what is the expected return on tangible equity trend for ORG in the upcoming years?",fun_predict,Return on Tangible Equity
"What is the projected shareholder equity for ORG in the upcoming years, can you provide an outlook on ORG's shareholder equity for the coming years, how do analysts foresee ORG's shareholder equity evolving in the years ahead, are there any estimates on ORG's shareholder equity trajectory for the near future, what is the expected shareholder equity trend for ORG in the upcoming years?",fun_predict,Share Holder Equity
"What is the projected free cash flow per share for ORG in the upcoming years, can you provide an outlook on ORG's free cash flow per share for the coming years, how do analysts foresee ORG's free cash flow per share evolving in the years ahead, are there any estimates on ORG's free cash flow per share trajectory for the near future, what is the expected free cash flow per share trend for ORG in the upcoming years?",fun_predict,Free Cash Flow per Share
"How does the revenue of ORG compare to ORG over the past few years, can you provide a comparison of the revenue trends between ORG and ORG in recent years, what is the revenue difference between ORG and ORG over the past few years, how has the revenue growth of ORG compared to ORG over the past few years, are there any notable differences in revenue performance between ORG and ORG over the past few years, can you compare the revenue figures of ORG and ORG over the past few years, how do the revenue trajectories of ORG and ORG differ over the past few years, what is the revenue gap between ORG and ORG over the past few years, could you provide a revenue analysis comparing ORG and ORG over the past few years, how has the revenue trend for ORG compared to ORG's trend over the past few years?",fun_comparative,Revenue
"How does the gross profit of ORG compare to ORG over the past few years, can you provide a comparison of the gross profit trends between ORG and ORG in recent years, what is the gross profit difference between ORG and ORG over the past few years, how has the gross profit growth of ORG compared to ORG over the past few years, are there any notable differences in gross profit performance between ORG and ORG over the past few years, can you compare the gross profit figures of ORG and ORG over the past few years, how do the gross profit trajectories of ORG and ORG differ over the past few years, what is the gross profit gap between ORG and ORG over the past few years, could you provide a gross profit analysis comparing ORG and ORG over the past few years, how has the gross profit trend for ORG compared to ORG's trend over the past few years?",fun_comparative,Gross Profit
"comparison of the market cap trends between ORG and ORG in recent years, what is the market cap difference between ORG and ORG over the past few years, how has the market cap growth of ORG compared to ORG over the past few years, are there any notable differences in market cap performance between ORG and ORG over the past few years, can you compare the market cap figures of ORG and ORG over the past few years, how do the market cap trajectories of ORG and ORG differ over the past few years, what is the market cap gap between ORG and ORG over the past few years, could you provide a market cap analysis comparing ORG and ORG over the past few years, how has the market cap trend for ORG compared to ORG's trend over the past few years?",fun_comparative,Market Cap
"What is the net income comparison between ORG and ORG over the past few years, can you provide a comparison of the net income trends between ORG and ORG in recent years, how does the net income of ORG compare to ORG over the past few years, how has the net income growth of ORG compared to ORG over the past few years, are there any notable differences in net income performance between ORG and ORG over the past few years, can you compare the net income figures of ORG and ORG over the past few years, how do the net income trajectories of ORG and ORG differ over the past few years, what is the net income gap between ORG and ORG over the past few years, could you provide a net income analysis comparing ORG and ORG over the past few years, how has the net income trend for ORG compared to ORG's trend over the past few years?",fun_comparative,Net Income
"What is the earnings per share comparison between ORG and ORG over the past few years, can you provide a comparison of the earnings per share trends between ORG and ORG in recent years, how does the earnings per share of ORG compare to ORG over the past few years, how has the earnings per share growth of ORG compared to ORG over the past few years, are there any notable differences in earnings per share performance between ORG and ORG over the past few years, can you compare the earnings per share figures of ORG and ORG over the past few years, how do the earnings per share trajectories of ORG and ORG differ over the past few years, what is the earnings per share gap between ORG and ORG over the past few years, could you provide an earnings per share analysis comparing ORG and ORG over the past few years, how has the earnings per share trend for ORG compared to ORG's trend over the past few years?",fun_comparative,Earning Per Share
"How does the current ratio of ORG compare to ORG over the past few years, can you provide a comparison of the current ratio trends between ORG and ORG in recent years, what is the current ratio difference between ORG and ORG over the past few years, how has the current ratio of ORG compared to ORG over the past few years, are there any notable differences in current ratio performance between ORG and ORG over the past few years, can you compare the current ratio figures of ORG and ORG over the past few years, how do the current ratio trajectories of ORG and ORG differ over the past few years, what is the current ratio gap between ORG and ORG over the past few years, could you provide a current ratio analysis comparing ORG and ORG over the past few years, how has the current ratio trend for ORG compared to ORG's trend over the past few years?",fun_comparative,Current Ratio
"How does the debt to equity ratio of ORG compare to ORG over the past few years, can you provide a comparison of the debt-to-equity ratio trends between ORG and ORG in recent years, what is the debt-to-equity ratio difference between ORG and ORG over the past few years, how has the debt-to-equity ratio of ORG compared to ORG over the past few years, are there any notable differences in debt-to-equity ratio performance between ORG and ORG over the past few years, can you compare the debt-to-equity ratio figures of ORG and ORG over the past few years, how do the debt-to-equity ratio trajectories of ORG and ORG differ over the past few years, what is the debt-to-equity ratio gap between ORG and ORG?",fun_comparative,Debtor Equity Ratio
"How does the net profit margin of ORG compare to ORG over the past few years, can you provide a comparison of the net profit margin trends between ORG and ORG in recent years, what is the net profit margin difference between ORG and ORG over the past few years, how has the net profit margin of ORG compared to ORG over the past few years, are there any notable differences in net profit margin performance between ORG and ORG over the past few years, can you compare the net profit margin figures of ORG and ORG over the past few years, how do the net profit margin trajectories of ORG and ORG differ over the past few years, what is the net profit margin gap between ORG and ORG over the past few years, could you provide a net profit margin analysis comparing ORG and ORG over the past few years, how has the net profit margin trend for ORG compared to ORG's trend over the past few years?",fun_comparative,Net Profit Margin
"What is the inflation rate comparison between ORG and ORG over the past few years, can you provide a comparison of the inflation rate trends between ORG and ORG in recent years, how does the inflation rate of ORG compare to ORG over the past few years, how has the inflation rate of ORG compared to ORG over the past few years, are there any notable differences in inflation rate performance between ORG and ORG over the past few years, can you compare the inflation rate figures of ORG and ORG over the past few years, how do the inflation rate trajectories of ORG and ORG differ over the past few years, what is the inflation rate gap between ORG and ORG over the past few years, could you provide an inflation rate analysis comparing ORG and ORG over the past few years, how has the inflation rate trend for ORG compared to ORG's trend over the past few years?",fun_comparative,Inflation Rate(in US)
"How does the EBITDA of ORG compare to ORG over the past few years, can you provide a comparison of the EBITDA trends between ORG and ORG in recent years, what is the EBITDA difference between ORG and ORG over the past few years, how has the EBITDA of ORG compared to ORG over the past few years, are there any notable differences in EBITDA performance between ORG and ORG over the past few years, can you compare the EBITDA figures of ORG and ORG over the past few years, how do the EBITDA trajectories of ORG and ORG differ over the past few years, what is the EBITDA gap between ORG and ORG over the past few years, could you provide an EBITDA analysis comparing ORG and ORG over the past few years, how has the EBITDA trend for ORG compared to ORG's trend over the past few years?",fun_comparative,EBITDA
"How does the cash flow from operating activities of ORG compare to ORG over the past few years, can you provide a comparison of the cash flow from operating activities trends between ORG and ORG in recent years, what is the cash flow from operating activities difference between ORG and ORG over the past few years, how has the cash flow from operating activities of ORG compared to ORG over the past few years, are there any notable differences in cash flow from operating activities performance between ORG and ORG over the past few years, can you compare the cash flow from operating activities figures of ORG and ORG over the past few years, how do the cash flow from operating activities trajectories of ORG and ORG differ over the past few years, what is the cash flow from operating activities gap between ORG and ORG over the past few years, could you provide a cash flow from operating activities analysis comparing ORG and ORG over the past few years, how has the cash flow from operating activities trend for ORG compared to ORG's trend over the past few years?",fun_comparative,Cash Flow from Operating
"How does the cash flow from investing activities of ORG compare to ORG over the past few years, can you provide a comparison of the cash flow from investing activities trends between ORG and ORG in recent years, what is the cash flow from investing activities difference between ORG and ORG over the past few years, how has the cash flow from investing activities of ORG compared to ORG over the past few years, are there any notable differences in cash flow from investing activities performance between ORG and ORG over the past few years, can you compare the cash flow from investing activities figures of ORG and ORG over the past few years, how do the cash flow from investing activities trajectories of ORG and ORG differ over the past few years, what is the cash flow from investing activities gap between ORG and ORG over the past few years, could you provide a cash flow from investing activities analysis comparing ORG and ORG over the past few years, how has the cash flow from investing activities trend for ORG compared to ORG's trend over the past few years?",fun_comparative,Cash Flow from Investing
"How does the cash flow from financial activities of ORG compare to ORG over the past few years, can you provide a comparison of the cash flow from financial activities trends between ORG and ORG in recent years, what is the cash flow from financial activities difference between ORG and ORG over the past few years, how has the cash flow from financial activities of ORG compared to ORG over the past few years, are there any notable differences in cash flow from financial activities performance between ORG and ORG over the past few years, can you compare the cash flow from financial activities figures of ORG and ORG over the past few years, how do the cash flow from financial activities trajectories of ORG and ORG differ over the past few years, what is the cash flow from financial activities gap between ORG and ORG over the past few years, could you provide a cash flow from financial activities analysis comparing ORG and ORG over the past few years, how has the cash flow from financial activities trend for ORG compared to ORG's trend over the past few years?",fun_comparative,Cash Flow from Financial Activities
"How does the return on equity(ROE) of ORG compare to ORG over the past few years, can you provide a comparison of the return on equity(ROE) trends between ORG and ORG in recent years, what is the return on equity(ROE) difference between ORG and ORG over the past few years, how has the return on equity(ROE) of ORG compared to ORG over the past few years, are there any notable differences in return on equity(ROE) performance between ORG and ORG over the past few years, can you compare the return on equity(ROE) figures of ORG and ORG over the past few years, how do the return on equity(ROE) trajectories of ORG and ORG differ over the past few years, what is the return on equity(ROE) gap between ORG and ORG over the past few years, could you provide a return on equity(ROE) analysis comparing ORG and ORG over the past few years, how has the return on equity(ROE) trend for ORG compared to ORG's trend over the past few years?",fun_comparative,ROE
"How does the return on assets(ROA) of ORG compare to ORG over the past few years, can you provide a comparison of the return on assets(ROA) trends between ORG and ORG in recent years, what is the return on assets(ROA) difference between ORG and ORG over the past few years, how has the return on assets(ROA) of ORG compared to ORG over the past few years, are there any notable differences in return on assets(ROA) performance between ORG and ORG over the past few years, can you compare the return on asset(ROA)s figures of ORG and ORG over the past few years, how do the return on assets trajectories of ORG and ORG differ over the past few years, what is the return on asset(ROA)s gap between ORG and ORG over the past few years, could you provide a return on assets(ROA)?",fun_comparative,ROA
"How does the return on investment(ROI) of ORG compare to ORG over the past few years, can you provide a comparison of the return on investment(ROI) trends between ORG and ORG in recent years, what is the return on investment(ROI) difference between ORG and ORG over the past few years, how has the return on investment(ROI) of ORG compared to ORG over the past few years, are there any notable differences in return on investment(ROI) performance between ORG and ORG over the past few years, can you compare the return on investment(ROI) figures of ORG and ORG over the past few years, how do the return on investment(ROI) trajectories of ORG and ORG differ over the past few years, what is the return on investment(ROI) gap between ORG and ORG over the past few years, could you provide a return on investment analysis comparing ORG and ORG over the past few years, how has the return on investment(ROI) trend for ORG compared to ORG's trend over the past few years?",fun_comparative,ROI
"How does the return on tangible equity of ORG compare to ORG over the past few years, can you provide a comparison of the return on tangible equity trends between ORG and ORG in recent years, what is the return on tangible equity difference between ORG and ORG over the past few years, how has the return on tangible equity of ORG compared to ORG over the past few years, are there any notable differences in return on tangible equity performance between ORG and ORG over the past few years, can you compare the return on tangible equity figures of ORG and ORG over the past few years, how do the return on tangible equity trajectories of ORG and ORG differ over the past few years, what is the return on tangible equity gap between ORG and ORG over the past few years, could you provide a return on tangible equity analysis comparing ORG and ORG over the past few years, how has the return on tangible equity trend for ORG compared to ORG's trend over the past few years?",fun_comparative,Return on Tangible Equity
"How does the shareholder equity of ORG compare to ORG over the past few years, can you provide a comparison of the shareholder equity trends between ORG and ORG in recent years, what is the shareholder equity difference between ORG and ORG over the past few years, how has the shareholder equity of ORG compared to ORG over the past few years, are there any notable differences in shareholder equity performance between ORG and ORG over the past few years, can you compare the shareholder equity figures of ORG and ORG over the past few years, how do the shareholder equity trajectories of ORG and ORG differ over the past few years, what is the shareholder equity gap between ORG and ORG over the past few years, could you provide a shareholder equity analysis comparing ORG and ORG over the past few years, how has the shareholder equity trend for ORG compared to ORG's trend over the past few years?",fun_comparative,Share Holder Equity
"How does the free cash flow per share of ORG compare to ORG over the past few years, can you provide a comparison of the free cash flow per share trends between ORG and ORG in recent years, what is the free cash flow per share difference between ORG and ORG over the past few years, how has the free cash flow per share of ORG compared to ORG over the past few years, are there any notable differences in free cash flow per share performance between ORG and ORG over the past few years, can you compare the free cash flow per share figures of ORG and ORG over the past few years, how do the free cash flow per share trajectories of ORG and ORG differ over the past few years, what is the free cash flow per share gap between ORG and ORG over the past few years, could you provide a free cash flow per share analysis comparing ORG and ORG over the past few years, how has the free cash flow per share trend for ORG compared to ORG's trend over the past few years?",fun_comparative,Free Cash Flow per Share
"What is the stock valuation of ORG in DATE? How was ORG's stock price performance in DATE? How does the stock valuation of ORG in DATE compare to ORG's stock valuation in DATE? Can you provide a comparison of ORG's stock price performance between DATE and DATE? How has ORG's stock price trended over the years, particularly in DATE? What factors influenced ORG's stock price in DATE? Can you analyze ORG's stock price movements in DATE? How does the stock performance of ORG in DATE compare to the overall market performance? Were there any significant events or announcements that impacted ORG's stock price in DATE? Can you provide a detailed analysis of ORG's stock price movements in DATE?",fun_stock,stock
"What is the risk of ORG in DATE? How has ORG's risk trended over the years, particularly in DATE? What factors influenced ORG's risk in DATE? Can you analyze ORG's risk movements in DATE? How does the risk of ORG in DATE compare to the overall market risk? Were there any significant events or announcements that impacted ORG's risk in DATE? Can you provide a detailed analysis of ORG's risk movements in DATE?",fun_risk,risk Analyst
"Capital budgeting analysis for Apple in the year 2019?, How did Apple finance its capital expenditures in 2019?,  What were the major capital expenditures for Apple in 2019?, How did Apple prioritize its capital projects in 2019?",fun_capital,Capital budgeting
Should I invest in ORG? Is ORG a good investment option? What is the long-term outlook for ORG's stock? What are analyst's recommendations regarding investment in ORG?,fun_invest,Invesment
